,Models,ModelName,Train,hex_Ef,spl_Ef,tet_Ef,vac_Ef
0,GAP,58-2,Org,-0.1125820661994354,0.3059898314644276,0.3169708503844327,-0.1456285778207497
1,GAP,53-4,Org,-0.275911081668829,-0.0326375779687245,-0.6411915909736438,0.3150345022874308
2,GAP,383-1,Org,0.6160601906032045,0.7027196040623569,0.820049546038805,-1.841054415234472
3,GAP,376-1,Org,0.7627881616338886,0.5809730463928743,0.8116588348653007,-2.043911423851561
4,GAP,166-2,Org,0.124415632953719,0.3836486321575593,0.2924483825908447,-0.7241105792561909
5,GAP,29-1,Org,-0.5142064600777244,-0.2099244983010008,-1.1200678982562706,1.456975920093711
6,GAP,54-3,Org,-0.02359201466452,0.134634052262494,-0.3844606877313116,0.051562037820155
7,GAP,286-1,IntEnh,-0.3825585754920049,0.2148602228718449,-0.0356054371624185,0.0583322281115658
8,GAP,287-2,IntEnh,-0.1772272989696278,0.2256733900422362,-0.0587562518913418,0.1835406531312195
9,GAP,382-5,IntEnh,-0.382830515509179,0.2168947025080441,-0.0170385698316019,0.138745410626967
10,GAP,190-6,IntEnh,-0.237560276611069,0.2031902399849172,-0.0262058488402488,0.1730210400540297
11,GAP,191-2,IntEnh,-0.1797055672264437,0.1947381761948768,-0.1087117881917199,0.2007976433052879
12,GAP,279-6,IntEnh,-0.3071211000732654,0.1883748775477688,-0.0189394648509718,0.180344667935256
13,GAP,88-2,IntEnh,-0.3601168152946345,0.0879564465864279,-0.0059180028687701,0.1983688197016009
14,GAP,381-4,IntEnh,-0.3768208695671629,0.1623527957095568,-0.0143421002095641,0.1434049343983716
15,GAP,189-3,IntEnh,-0.2885368995222988,0.121741764451822,-0.0658449003473455,0.1866358748801639
16,GAP,40-6,IntEnh,-0.2456662448708814,-0.2089831228150446,-0.1357728986522681,1.4537946445035168
17,GAP,89-3,IntEnh,-0.2058280954543294,0.0817225691126303,-0.0628675691443229,0.2540234438097548
18,GAP,285-5,IntEnh,-0.2850663879007184,0.2009088322867568,-0.0224383241981889,0.1156348806929149
19,GAP,94-5,IntEnh,-0.331811614888461,0.0596142342804604,-0.0297201928278373,0.1915727523391253
20,GAP,287-1,IntEnh,-0.2009365189354252,0.2172045374961937,-0.065935277566481,0.2024916581921514
21,GAP,89-6,IntEnh,-0.1927779765720586,0.0665953160873283,-0.0455002690912166,0.2788051733204927
22,GAP,191-4,IntEnh,-0.157426160168009,0.1886622472825583,-0.0880140270003045,0.2007948500605764
23,GAP,286-6,IntEnh,-0.3690621724230964,0.2087182857647212,-0.0053013144872401,0.068237376613617
24,GAP,184-3,VacEnh,0.3383991820786986,0.146643622484239,0.6098066906181051,-0.4415571177538531
25,GAP,251-4,VacEnh,-0.0913650577696445,0.0796264264698155,-0.2099612364106333,-0.1874064679393038
26,GAP,382-4,VacEnh,0.3336349713196913,0.3531767949452171,0.7311469870234496,-0.7886140159608723
27,GAP,284-2,VacEnh,0.2984922489369592,0.3654372918404596,0.8005793288587467,-0.8377235031380726
28,GAP,278-6,VacEnh,0.2404329864956695,0.3652501682928331,0.7323371921301177,-0.8064586434526266
29,GAP,264-2,VacEnh,-0.0119336756733195,0.088244815335062,0.0853118582100956,-0.2872868818101909
30,GAP,161-6,VacEnh,0.0984648553660749,0.1127202475210474,-0.3265271080296452,-0.0063729179246264
31,GAP,285-2,VacEnh,0.306285579581691,0.3859517368598365,0.6808301446066936,-0.9785550737788028
32,GAP,202-2,VacEnh,0.3555010723380398,-0.0322023997294392,0.3029809600893741,-1.828460124933251
33,GAP,183-4,VacEnh,0.2484231007973206,0.3189283165475781,0.5814015331663602,-0.6053367262128885
34,GAP,109-3,VacEnh,0.1007371057660344,0.6796464050697223,0.8697430339711654,-3.640576409621562
35,GAP,41-6,VacEnh,-0.0696759044174127,-3.294599035149224,-0.1895316617378916,1.4678790177719592
36,GAP,352-4,VacEnh,0.0330122784090562,0.3560447729833919,0.0899735583895061,-0.4176687711934239
37,GAP,286-5,VacEnh,0.3171170946223233,0.2774406340865217,0.5807751637828799,-0.7195784210251845
38,GAP,176-6,VacEnh,0.0280754053936231,0.2465881677206474,0.7660168129259801,-0.5182869594293033
39,GAP,215-6,VacEnh,0.5761867855454117,-0.3800437033817497,-0.2277132326382621,-1.1414761183866369
40,GAP,210-6,VacEnh,0.4585118370192399,-1.698477944179691,-1.0536228309629216,-0.7917459226725776
41,GAP,188-4,VacEnh,0.1825985088994444,0.1203907733129787,0.6762657421277409,-0.5549209577830116
42,GAP,263-5,VacEnh,0.0494427332353114,0.2183336636390392,0.0534286095952375,-0.2575703562745615
43,GAP,345-2,VacEnh,0.3395985349621745,0.1568908221088659,0.1022387864563191,-0.3232391699814024
44,GAP,285-1,VacEnh,0.2610040600294568,0.4380561844761242,0.7555789835678088,-0.9079550288301612
45,GAP,203-2,VacEnh,0.509534284283083,-0.4659431847776271,-0.1999549774484235,-1.1013717824902485
46,GAP,278-4,VacEnh,0.1538704739700746,0.4433983261453761,0.6735077164417257,-0.7750006896850903
47,GAP,262-3,VacEnh,0.2150409700163802,0.2983896981653942,0.0711304823078136,-0.3922858058403155
48,GAP,183-5,VacEnh,0.2152155163243048,0.2030646954771253,0.6806406925302706,-0.5745782860022548
49,GAP,381-3,VacEnh,0.2896352418069889,0.4557785072416067,0.787097435346144,-0.9469761538800092
50,GAP,34-5,VacEnh,-0.3401647786866908,-0.7562072890961001,-0.8450498218363428,1.499282671390255
51,GAP,184-2,VacEnh,0.2968431957107326,0.2489122981853346,0.6696108655054904,-0.5103541498206954
52,NNP,129-4,Int4,-5.508801020842962,-1.4421282638555266,-0.7944215248918737,0.6001966785609466
53,NNP,70-3,Org,-0.5199665435215435,-4.810185912968551,-1.9430074978319487,0.1731436584080376
54,NNP,57-2,Org,-3.1097798845988285,-0.7635550218591667,-0.7769658543187649,-0.5254580529400248
55,NNP,180-3,Org,0.2275171790482211,-0.5268024431849745,-0.2979363756814496,-2.970851169194345
56,NNP,158-3,Org,-3.840344755604779,-0.1791291928081693,-2.453221070648783,0.4774511441738145
57,NNP,102-3,Org,-3.259513685270401,-0.6046447596705126,-0.969930846496772,-1.2029756919554369
58,NNP,154-2,Org,-0.5814121271423075,-1.5127127281812374,-4.8102979087665805,-0.9272216714703132
59,NNP,183-2,Org,-4.501264047510723,-1.4012070561031296,0.0619297064753565,0.0036904409238987
60,NNP,175-3,Org,-3.171368669982985,-1.6449441899301147,-0.58727100109574,-0.281094930039582
61,NNP,5-1,Org,-2.6075926926617985,-6.259395969036117,-1.3372438433546765,-1.122013679732815
62,NNP,111-3,Org,-1.59026572569512,-0.6795933292257689,-4.149631322700216,0.2231175577904492
63,NNP,108-1,Org,0.3468793059567777,-4.961079927487444,-3.2217548967638168,-3.270048696894372
64,NNP,15-2,Org,-1.1875358069779096,-1.7654313007053777,-4.087805787150659,0.4318470112812769
65,NNP,11-2,Org,-1.034905128796804,-3.3160145989035725,-2.667301002957969,-2.4453461942873003
66,NNP,112-2,Org,-1.912286628843145,-2.3941442345383366,-3.37100398285869,0.3411406508363141
67,NNP,55-1,Org,0.2590972269995796,-0.0952613769221036,-1.2059756164435504,-5.374621707525482
68,NNP,125-3,Org,-0.1978605265478753,-6.50729615205292,0.1145175180542474,-0.2415801693982782
69,NNP,159-2,Org,-2.558982547705142,-0.4480807338911912,-2.9394614891256,0.3899359854083253
70,NNP,96-1,Org,-1.3258824780098848,0.1894911581308076,0.6965792256369754,-2.608333391930955
71,NNP,131-3,Org,-2.965886331786363,-3.6785668018468174,-0.4725721834264422,-0.2809808488821625
72,NNP,150-3,Org,-2.6243159235164124,-0.5077091511969317,-0.6986264403993346,-1.5259506717570932
73,NNP,56-3,Org,-4.104275195041571,-0.7522889881598841,-0.6956665677581366,-1.0596468516560569
74,NNP,109-3,Org,-3.2040670452090114,0.0585332806301963,-1.2112138159195038,0.0014882151930396
75,NNP,139-3,Int2,-4.8982534554029415,-0.4714423693329043,-3.624916354200333,0.7912495545535949
76,NNP,171-3,Int2,-3.090283759288624,-1.3324002328325528,-0.8737112480770108,0.4725742647746222
77,NNP,180-1,Int2,-1.521915962228107,-3.004510144774804,-1.7095916002541391,0.5162624054146137
78,NNP,170-3,Int2,-1.716860572877582,-5.01270104576374,-2.3779277868856874,0.5743819246426416
79,NNP,34-3,VacEnh,-3.4600139135753905,-1.1416617136986544,-0.4868035170423204,0.4961310260086237
80,NNP,175-2,VacEnh,-2.956310800286533,-0.789827893147159,-1.2847373356909992,0.6189108617441239
81,NNP,153-3,VacEnh,-0.7651751191404388,-0.2427682498778392,-3.430211846223587,-2.099564840208335
82,NNP,2-1,VacEnh,-2.5392151105452445,-0.9918546696799584,-3.2894554987596147,0.3937025263181573
83,NNP,123-2,VacEnh,-3.0169665935416576,-0.4027448449643748,-1.2998995503961734,0.6622195033783512
84,NNP,12-3,VacEnh,-1.6376215993030956,-0.8787917157550309,0.739906248358268,-1.210729112434247
85,NNP,6-3,VacEnh,-2.977694188100564,-0.3104610756810621,-1.6075753438886649,-2.222026086348892
86,NNP,102-2,VacEnh,-1.4148534358552096,-0.5399259831877455,-1.2621821279931156,-2.5146305146968886
87,DPMD,167-1,Int4,-0.3243916760947052,-2.4983295819697826,-0.5191436609770936,-0.4105349257384132
88,DPMD,196-1,Int4,0.0242934968387498,-0.3502875739957671,-2.2098316265655207,-2.00613107871536
89,DPMD,186-1,Int4,-0.672599450226803,-3.9211946677679896,-0.1704855356039845,-0.9196850305731716
90,DPMD,298-1,Int4,-1.7100547301623217,-3.77190829190833,0.3590768281114897,0.628083060259822
91,DPMD,113-1,Int4,-6.6557945308990885,-1.5504648291742409,0.1806536989763189,-2.458803809055902
92,DPMD,232-1,Int4,-0.1028377559556774,-1.5559711272435286,-1.653520439220455,-4.35424006439982
93,DPMD,223-1,Int4,0.3508078340497081,-0.2535918879382082,-2.070436505414757,-3.375055955779327
94,DPMD,234-1,Org,-3.720038422785473,-1.577710809451104,-1.833991190291529,-4.181239308388392
95,DPMD,189-1,Org,-0.1126391043519314,0.4367231391100406,-4.177121057755674,-0.8513835777680708
96,DPMD,198-1,Org,-1.76899262466891,-3.399434853831068,0.0216484458853719,-3.265757157082656
97,DPMD,156-1,Org,-0.4106007811004463,-3.070716746701532,-0.9758186853561548,0.3353991890007414
98,DPMD,122-1,Org,1.0530669120435592,0.8459479320391909,-2.9239691507691634,-2.667427599466419
99,DPMD,174-1,Org,0.0571186195985243,-2.2563067765497347,-4.581827273647497,0.2810973373991497
100,DPMD,186-1,Org,-0.7533071413407819,0.0277843436100193,-2.680527835279831,-0.2637774727743026
101,DPMD,151-1,Org,0.4826091876022444,-1.6170321219374708,-1.180847913804833,-0.7531449430913254
102,DPMD,283-1,Org,-0.7127441159910465,-0.3590263320946929,-6.563349543971369,0.0314140900982544
103,DPMD,155-1,Org,-1.5643735223918354,-2.830468655692897,-0.8561482009756861,0.441605113214542
104,DPMD,153-1,Org,-0.171060921256923,-4.812174383427231,-0.4052011404665422,0.0286149313493925
105,DPMD,87-1,IntEnh,-0.3060411182984205,-3.61519885258428,0.2119517141418631,-0.967460022094642
106,DPMD,11-1,IntEnh,0.9553399963158056,0.2989091846437047,-3.128575845803039,-1.41597905294309
107,DPMD,93-1,IntEnh,-6.69673849194379,0.59335705612365,0.8656234531665835,-0.4853377637498827
108,DPMD,88-1,IntEnh,-0.5017112477731482,0.2352216736841391,0.3477967347594592,-5.033201785753508
109,DPMD,16-1,IntEnh,1.0475994122353336,0.5106884295108725,-2.640319045055892,-1.650575047425203
110,DPMD,42-1,IntEnh,1.0792535056216093,0.4275268765364826,-2.279434441484036,-2.8632567232593016
111,DPMD,98-1,IntEnh,-4.803070727351335,-0.964256428857856,0.0585023361323748,-1.6691596039074394
112,DPMD,211-1,IntEnh,-1.7711970140045252,-3.3335644950092176,-0.487735340953469,-1.2213127552683765
113,DPMD,60-1,IntEnh,1.1999430629188406,0.3844601281564427,-2.133677500193264,-2.589468333407534
114,DPMD,40-1,IntEnh,1.2975792550891287,0.5495900914658072,-1.8546581871610603,-7.1487552738024815
115,DPMD,34-1,IntEnh,1.5671248395824586,0.6089873953002336,-2.2412700968356907,-2.96419461930946
116,DPMD,128-1,Int2,0.3271735227836125,0.7004302894367102,-3.073698889228635,-2.022201925083375
117,DPMD,198-1,Int2,-2.423925345028696,-2.311962479123026,-0.2210633841609207,-1.3306749597166074
118,DPMD,203-1,Int2,-2.32757500919244,-2.8847756543671577,0.1929251115694317,0.5494809308060219
119,DPMD,135-1,Int2,-0.2781388584414367,0.485461961608029,-0.4029191451917181,-6.983228465047929
120,DPMD,42-1,Int2,0.7744145345241532,0.6738346985114139,-0.7046705658728833,-5.544286351510163
121,DPMD,18-1,Int2,0.7551280857828906,-0.3279711489356774,-2.293272172263456,-1.5304525935440785
122,DPMD,182-1,Int2,-0.2624621565667527,-3.5422795687637643,-0.9535901929376732,0.8237693399064426
123,DPMD,137-1,Int2,-3.5031455963077427,-2.492495220158818,0.0040813573171034,-0.5471260102395006
124,DPMD,131-1,Int2,0.1698547325515345,-0.0476403919924408,-4.909442980409606,-1.3146224307513186
125,DPMD,134-1,Int2,-0.4922407138933166,0.4425787749433421,-2.2945719181283333,-0.9455347493221714
126,DPMD,196-1,Int2,0.3117763516863486,-1.7059050269287497,-1.4126449340435687,-0.2138642334244235
127,DPMD,247-1,Int2,-0.1657664754685257,0.6872382011331463,-2.377239961257444,-1.0621694032978315
128,DPMD,256-1,VacEnh,-3.318104461411935,0.0399407662885967,-2.281459929369664,-2.4162050198982663
129,DPMD,245-1,VacEnh,-0.0886451678839316,0.1211572360638846,-3.7926200249358426,-0.6750636715814076
130,DPMD,150-1,VacEnh,0.815824238745289,0.9190896112601076,-3.2358158662067846,-1.9248337769099608
131,DPMD,198-1,VacEnh,0.5963771821518922,0.6547347112043647,-3.2214361789912407,-1.5610820574668842
132,DPMD,239-1,VacEnh,-2.29760766326952,0.0575876323073328,-2.5401593525077475,0.2134770468854236
133,DPMD,225-1,VacEnh,0.1964659204594392,-0.4049736434800772,-2.1834670116759574,-0.38284506566299
134,DPMD,116-1,VacEnh,-1.571359994830082,-0.8830079422902939,-4.761319506299927,0.3867328780146977
135,DPMD,241-1,VacEnh,-1.5320679323001225,0.1135271753149112,-2.9580231509399373,-0.2706971277247074
136,DPMD,298-1,VacEnh,-2.8565808425559154,-1.3490592824650374,-2.2120184825511022,0.5710814703941953
137,DPMD,30-1,VacEnh,1.1033599966231955,0.3443627769319138,-0.6788067267688436,-5.5270998100382815
138,DPMD,90-1,VacEnh,0.2376156665162107,-0.4442434028400233,-2.49933634772464,-1.1627835203758283
139,DPMD,214-1,VacEnh,-0.2746288814074444,-1.3070393028947764,-3.947554902071946,-0.3075502741435356
140,DPMD,197-1,VacEnh,-0.8657657081511022,-2.605877306913877,-0.9303508707950352,-0.1227358960223392
141,DPMD,78-1,VacEnh,0.6696949703909685,-1.722770592572264,-0.7340039422660312,-1.0655256970193991
142,DPPT,158-1,Org,-0.4291160427093697,0.3131333279446311,-1.1599217815439615,-0.3913117306666624
143,DPPT,87-1,Org,-2.4066626296870903,0.8681723027911548,-0.2178179701027383,-0.2856952409740995
144,DPPT,136-1,Org,-1.0198809388925567,0.6132152752422989,-1.0727810632055998,-0.1353602744539322
145,DPPT,206-1,Org,-0.9422357080988236,0.6581372900918186,-0.7571307411338172,-0.2386526045980741
146,DPPT,198-1,Org,0.6831340092376775,-1.751728032515365,0.0333985563945509,-0.864539676430411
147,DPPT,209-1,Org,0.1963294913302051,-0.7292365895955041,-1.5200794163845166,-0.789113370316295
148,DPPT,93-1,Org,-0.520168859650591,-0.0476714720151653,-3.394669200931354,0.6364001496908719
149,DPPT,257-1,Org,0.5304118494800871,-1.9506317990589608,-0.1618592495622605,-0.3022940882575341
150,DPPT,86-1,Org,-0.6361830478662113,0.3606202613758399,-7.252106287321211,-0.0496413914925684
151,DPPT,73-1,Org,-2.247676226505023,0.006592061806459,-1.2338893411495602,0.0405133846331995
152,DPPT,42-1,Org,-0.5139831889928677,1.303742885487636,1.0099845543759496,-2.319136729138257
153,DPPT,98-1,Org,-1.798995381991192,0.7937196253015021,-0.3316550173726656,-0.448334827259602
154,DPPT,77-1,Org,-0.0926121517828386,-2.345947338837401,-0.588418699548488,0.4073331630690543
155,DPPT,76-1,Org,-0.9804448429162104,0.4206096262327766,-1.4966824536477032,-0.1484744704629321
156,DPPT,183-1,Org,-0.049872215934262,-0.4065686076973586,-2.221192840052861,-0.1574222773644809
157,DPPT,195-1,Org,-0.9209739154495644,0.3172203807355392,-1.6196905384154432,-0.1293506789950275
158,DPPT,52-1,Org,-3.2898680579336244,1.3652106286948338,0.5968303210862564,-0.4955002928750302
159,DPPT,262-1,Org,0.1546332642475687,-4.468547108729036,-0.3235210484024353,0.5344680175494495
160,DPPT,197-1,Org,-0.2919202871072958,0.0105428665892448,-3.383866060006648,-1.288189548059923
161,DPPT,75-1,Org,-0.6106531920764108,0.1674531007857559,-2.4243680680180586,-0.1433721470016375
162,DPPT,90-1,Org,-1.979906129985721,0.0509002643467467,-2.3261577510006823,0.0751416862705251
163,DPPT,208-1,Org,0.128485216960324,-0.0269951248728933,-2.699039617550899,-0.3541086304344881
164,DPPT,272-1,Org,-0.2059734564472176,-0.1293466090536166,-3.1214545436912977,0.5136506748556756
165,DPPT,276-1,Org,-0.7532148252332704,0.1363661329400642,-0.7333792709552993,-0.0416061517098169
166,DPPT,146-1,Org,-1.154872679281435,0.6151255864720045,-0.7906568318883098,-0.1883087553585338
167,DPPT,54-1,Org,-2.2145043868085303,1.243270676065662,0.8107301838789911,-0.2865364812572217
168,DPPT,207-1,Org,0.3806389153569837,-1.4591777565451325,-0.6984729450087357,-0.7196403816448753
169,DPPT,268-1,Org,-0.737231632284483,0.5446948558843561,-1.175244035824906,-1.12817095168489
170,DPPT,266-1,Org,-0.1539546059257104,-0.0196814123143226,-2.779530207569952,-0.4018849896940228
171,DPPT,160-1,Org,-1.0749179389141856,0.9349228120698734,-1.1916749365751256,-0.1702093540625389
172,DPPT,270-1,Org,-1.884261929396564,0.8388248728267977,-0.7611079977531119,-0.6395374281117011
173,DPPT,210-1,Org,0.0700513138003265,0.133198923651905,-5.2513566879763856,-0.9506655662479142
174,DPPT,37-1,Org,-0.532713915530605,0.6471540685818321,-1.2513250169227137,-0.520656245606052
175,DPPT,87-1,IntEnh,0.0928418685192,-0.6348860896970553,-0.6217794068287272,-0.0603118822731488
176,DPPT,258-1,IntEnh,-0.3164993908711479,-0.5218277902338545,-0.2351025752286992,-0.7530058421985605
177,DPPT,270-1,IntEnh,-0.7091499249777556,-0.9351889571056043,-0.2998555667279529,-0.3801783453471895
178,DPPT,12-1,VacEnh,-0.0159944345529767,-2.728031831454484,-2.4303254450951286,1.111384623795408
179,DPPT,274-1,VacEnh,-1.8963835179649409,-0.0691718161568294,-2.3776820350373096,0.6258158271679793
180,DPPT,268-1,VacEnh,-0.9537049630871136,-0.5510195337030475,-1.904992689954888,0.0401231407339116
181,DPPT,256-1,VacEnh,-1.9607998937490967,-0.3935432421093159,-0.2921214775363472,-0.0723204183300203
182,DPPT,104-1,VacEnh,-1.011435632592593,-0.4613096690134092,-2.4731431427073582,0.4688941874682324
183,DPPT,130-1,VacEnh,-0.1262154563592037,-2.766368523457384,-1.9354375416741385,1.0615900728720744
184,DPPT,208-1,VacEnh,-4.064696182961027,0.0993974863466865,-1.8963346447799967,0.1489702042747343
185,DPPT,15-1,VacEnh,0.0055992159492011,-0.1548065002224561,-2.529515970182908,0.5750087889199363
186,DPPT,261-1,VacEnh,-1.9301749971368591,-0.2501389541099927,-0.4338383583534594,0.8519065775944847
187,DPPT,188-1,VacEnh,0.2370207211333549,-3.9452178621256415,-0.9485584052587877,1.0095755209080186
188,DPPT,198-1,VacEnh,-5.167310048760427,0.2312034650621424,-0.7368759118482249,0.0779685096370784
189,DPPT,56-1,VacEnh,-1.2786999138455184,-0.3048364627171309,-0.8889655486095897,0.8934749643841686
190,DPPT,1-1,VacEnh,-0.0323043564614122,-0.0282283980395212,-4.114849991024052,0.7694922654705793
191,DPPT,134-1,VacEnh,0.1397530080911852,-0.8872242131813254,-3.1651480712597,0.4858580995769388
192,DPPT,133-1,VacEnh,-0.1379543535757751,-0.6509451937200927,-1.2412390332727818,0.4028335456903342
193,DPPT,257-1,VacEnh,0.1479433607468012,-2.9796089050962755,-2.5821397599090306,-0.1005883242514468
194,DPPT,209-1,VacEnh,-1.5030280668370868,-0.0719686355104375,-1.2827259928659964,0.1801563997156018
195,DPPT,132-1,VacEnh,-1.7562035727491012,-0.2370983262762755,-1.5065353512620947,0.8663669975998094
196,DPPT,181-1,VacEnh,0.2433239701406566,-0.7816674923321952,-0.7229326245228908,-0.2652195762149133
197,DPPT,210-1,VacEnh,-2.72429026242545,0.2958636512437385,-0.9464172777785106,0.1006126760797129
198,DPPT,64-1,VacEnh,-0.520771795259875,-0.4493942077660204,-1.7094681398530902,-0.2045410784576242
199,DPPT,211-1,VacEnh,-0.5429110886187942,-0.7866544654735927,-2.264198764333452,0.7898957098142104
200,DPPT,147-1,VacEnh,-0.8779257095089391,0.2401263909147913,-2.669277869066188,0.2908159749790421
201,DPPT,100-1,VacEnh,-0.4755081178496904,0.6952418823389861,-1.5346341340148388,-0.3642872593788777
202,DPPT,255-1,VacEnh,-0.003810748159649,-1.622925263954582,-2.3264702323658013,-0.0030649407160778
203,DPPT,266-1,VacEnh,-2.534715630463941,0.0493553883640704,-0.7530617605228128,0.0762774130542611
204,DPPT,186-1,VacEnh,-0.2212588663918269,-0.2095545402509591,-2.1637857935499736,0.208632773787904
205,DPPT,242-1,VacEnh,0.5991680128451478,-2.781130808484733,-0.9606432715596348,-0.4938800700141452
206,DPPT,19-1,VacEnh,-0.0221796920223936,-0.69460092331439,-3.406039787167355,1.0356660578749588
207,DPPT,158-1,VacEnh,-0.4058601598431765,-1.1880237934128794,-0.3158099570666847,0.1936276148503572
208,DPPT,85-1,VacEnh,-0.0543796099875689,-1.9072052385633669,-0.4001117510195641,0.0164530208439802
209,DPPT,243-1,VacEnh,-0.1077728334663149,-0.2502564233005798,-2.354201386155713,0.1973531873214976
210,DPPT,90-1,VacEnh,-1.403324359727929,0.6178172752368929,-0.7868393083267364,-0.0528586847052271
211,DPPT,193-1,VacEnh,-0.4913179129140966,-0.0959636337362976,-3.699136110859396,0.4043992807528913
212,DPPT,66-1,VacEnh,0.3594578621608356,-3.3775339903581623,0.0047955162686008,0.1264232420913881
213,DPPT,160-1,VacEnh,-0.7467866530326162,0.5329581446963385,-3.12378034087342,-0.0564496583631391
214,DPPT,144-1,VacEnh,0.1227922733620104,-1.401178929417371,-5.894805321495405,0.9340857315926312
215,DPPT,20-1,VacEnh,-0.2376301776767838,-0.69354885646527,-2.975341455054432,1.0377387143818646
216,DPPT,13-1,VacEnh,-0.0212790441699157,-0.1468704903995386,-3.810397965539517,0.5623733741451206
217,DPPT,62-1,VacEnh,0.1207720474639712,-1.7139994033953991,-0.8471872307050297,-0.0007526058594029
218,DPPT,246-1,VacEnh,-1.4292433313764803,0.2437956416179716,-0.45344560240459,-0.2546847195988616
219,DPPT,254-1,VacEnh,-0.15025833089662,-2.859709184423899,-1.852177211109234,0.4397735166134287
220,DPPT,44-1,VacEnh,-2.248190810307777,-0.6468878017499622,-0.7516624098167929,0.9916507689373528
221,MTP,93-13,IntEnh,-1.861224381268881,-1.3027407513473348,-0.927262828079891,-1.4652981253662556
222,MTP,171-13,IntEnh,-2.048070069882844,-1.1799966451980684,-0.9955928680175928,-1.4218138811133172
223,MTP,168-13,IntEnh,-1.887010842783139,-1.262349836131012,-0.9508447285416928,-1.444023743256902
224,MTP,243-13,IntEnh,-1.902199275816132,-1.2716932170969053,-0.9501299117391636,-1.3941657590383392
225,MTP,348-13,IntEnh,-1.629207473970942,-1.695760079800398,-1.0131700155921792,-1.123486926821535
226,MTP,33-13,IntEnh,-1.9709372230482776,-1.6779520225382656,-1.004103642368302,-1.0135780046044216
227,MTP,39-13,IntEnh,-1.879984672443194,-1.7262232348790882,-0.980516832327115,-1.0284933483852383
228,MTP,162-12,IntEnh,-1.4810160480473655,-1.5078365396919031,-1.137884261839187,-2.318593616743957
229,MTP,87-12,VacEnh,-0.030330332119454,-1.7284723093256324,0.3213505023066541,-2.9383972771794986
230,MTP,90-11,VacEnh,0.1236730664730268,-1.7402420023954053,0.3194058325343769,-2.277370973594352
231,MTP,339-12,VacEnh,-0.0667561179735317,-0.2882368844748118,0.4307269002204888,-2.480542184988768
232,MTP,123-13,VacEnh,0.0499173755962282,-0.0126546648685648,0.6095388590429572,-3.0358625504168746
233,MTP,207-11,VacEnh,-0.0850914972165434,-0.1209569323336566,0.4716236303496685,-2.975066779313934
234,SNAP,9-3,Int4,-0.5241574878644816,-0.1117637392161639,0.4601435719718241,1.021608810595194
235,SNAP,20-15,Int4,0.1694774862690346,-0.0912641802504342,-0.2407967373455842,0.86023604518943
236,SNAP,15-21,Int4,-0.2523047377959762,-0.1024166887492957,0.1032756071807028,0.9785301518863032
237,SNAP,20-2,Int4,0.1672989536004283,-0.095363775710063,-0.2438555793292915,0.8624365522467375
238,SNAP,20-13,Int4,0.1904419489427327,-0.0523470300368655,-0.2114736071183826,0.8382525158313188
239,SNAP,14-10,Int4,-0.3956926786877146,-0.2541504231116226,0.1252439785736704,1.0248804460716117
240,SNAP,24-31,Int4,0.5382923129714905,0.5622936322606039,0.1838702846373518,0.5432362565082646
241,SNAP,15-31,Int4,-0.1330247128954512,0.0284943732506403,0.1805471092946712,0.8631277583089614
242,SNAP,14-33,Int4,-0.351470427507717,-0.2013753101726465,0.1501249702419561,0.9992310304671376
243,SNAP,26-34,Int4,1.1298758943337883,0.2369836936430289,0.823321519321924,-0.9023556708039496
244,SNAP,10-25,Int4,-0.1691984547000653,0.1022392409139947,0.4479970344655151,0.9142848035556111
245,SNAP,20-12,Int4,0.166814411144819,-0.0962769685710782,-0.244536207452938,0.8629240100512788
246,SNAP,19-28,Int4,0.1666613364373326,-0.1003752544866367,-0.3173452944731118,0.8936139913704425
247,SNAP,15-19,Int4,-0.1878306727401212,-0.0260011841171812,0.1458729592093818,0.9307813387230824
248,SNAP,28-9,Int4,0.8447454258047253,1.0308002905947162,0.8502181321484674,0.2486052372740282
249,SNAP,19-13,Int4,0.1831284312731569,-0.0695840814674864,-0.2935209824515346,0.8767367483385856
250,SNAP,15-5,Int4,-0.2645322734817436,-0.1174030085416606,0.0952164432227601,0.9862121708286644
251,SNAP,15-26,Int4,-0.2235994310298709,-0.0677450594370558,0.1222495074789662,0.959072191614398
252,SNAP,19-9,Int4,0.1631061599412342,-0.1071135375591677,-0.3225139285972266,0.8971414020842078
253,SNAP,10-19,Int4,-0.2055698065365293,0.0736105237162797,0.4300793230850205,0.9528376057349176
254,SNAP,20-17,Int4,0.1670224285639228,-0.0958848675123185,-0.2442439962137705,0.8627148282577152
255,SNAP,14-2,Int4,-0.3954120180464551,-0.2538103502998685,0.1254006506796286,1.0247291591253032
256,SNAP,15-18,Int4,-0.2644275121289171,-0.117274138012475,0.0952854098950795,0.9861476663861196
257,SNAP,21-26,Int4,1.1402724617482238,0.040554958564131,0.5504408210178839,-0.2828993473285225
258,SNAP,15-20,Int4,-0.2415531838432542,-0.0893389727829674,0.1103755574674213,0.9714978459711116
259,SNAP,31-17,Int4,1.2578125116042942,1.0961617401915993,1.3792247186494715,-1.4745550197094952
260,SNAP,19-4,Int4,0.1619325050891428,-0.1093447952105956,-0.3242220834089231,0.8982975070563739
261,SNAP,31-6,Int4,1.2579365188852518,1.0964215928832794,1.379350881921892,-1.4776009685454743
262,SNAP,51-23,Int4,0.8763428334093714,0.6947596200418769,1.2621102160496491,-0.1613897349101257
263,SNAP,20-14,Int4,0.1721190470222022,-0.0863068901620149,-0.2370906452884502,0.8575480310721103
264,SNAP,20-33,Int4,0.207982775103327,-0.0205940476864153,-0.18710883729766,0.8185278884600097
265,SNAP,20-29,Int4,0.1694774862696997,-0.0912641802511453,-0.2407967373446962,0.8602360451889769
266,SNAP,19-2,Int4,0.1623747277766036,-0.1085036849492368,-0.3235783586873095,0.8978623784837745
267,SNAP,14-4,Int4,-0.3959177411527034,-0.2544231691470313,0.1251183551273987,1.0250016719130437
268,SNAP,3-31,Int4,-0.1597962899752766,0.3332723921620598,0.6058612991769218,0.8814176589837012
269,SNAP,26-30,Int4,1.136531846852971,0.2631769819316654,0.8330000595265374,-0.9968982573393768
270,SNAP,14-14,Int4,-0.3904837995780586,-0.2478482417967074,0.1281544660151213,1.0220516779941031
271,SNAP,13-13,Int4,-0.341578629146932,-0.2382832910989466,-0.1164600692650458,0.9920975641182906
272,SNAP,14-22,Int4,-0.3931930992145521,-0.251123719555573,0.1266399066112951,1.0235285794433209
273,SNAP,19-10,Int4,0.1621293618519741,-0.1089703139532749,-0.3239355114294612,0.8981038799202159
274,SNAP,19-22,Int4,0.1643098746845297,-0.1048286136333137,-0.3207629765109295,0.895951398924338
275,SNAP,15-23,Int4,-0.2632569109418894,-0.1158346777839912,0.096056143696096,0.9854254099276464
276,SNAP,15-16,Int4,-0.2640356905716511,-0.116792214626351,0.0955433678291857,0.9859062180412566
277,SNAP,21-12,Int4,1.184938905567839,0.2392494980681101,0.6305495445944791,-0.7038027970145238
278,SNAP,20-21,Int4,0.1795396433583497,-0.0724623061750903,-0.2266967656624491,0.8498757039837417
279,SNAP,15-28,Int4,-0.259457793253789,-0.1111698869405525,0.0985587674249197,0.983062260204591
280,SNAP,14-27,Int4,-0.3710964798525661,-0.22457910450228,0.1390365260024042,1.0111022825619638
281,SNAP,51-10,Int4,0.874980196220521,0.6922033175535278,1.261170184041689,-0.1537292513620277
282,SNAP,19-3,Int4,0.1621293618522176,-0.1089703139526733,-0.323935511429027,0.8981038799200965
283,SNAP,41-32,Int4,0.9934533141023424,1.032574164749004,1.4251291877069274,-0.5690764843558895
284,SNAP,19-33,Int4,0.1991668981474926,-0.0403240724814724,-0.2705221993743145,0.8593070829838505
285,SNAP,46-14,Int4,0.8476098339054567,0.7211149960700464,1.3305580669183057,-0.4279525874386935
286,SNAP,19-34,Int4,0.1711518003342632,-0.0919091180508136,-0.3108292418842252,0.8891022221672328
287,SNAP,35-31,Int4,0.8029878171989864,1.0252008766919898,0.9560229366624264,0.4300915059245964
288,SNAP,15-36,Int4,-0.2619731731630734,-0.1142572373183353,0.0969015793241855,0.9846301871725526
289,SNAP,12-17,Int4,0.3128764866600759,0.2036059582888312,0.4534039600967813,0.6602018798728262
290,SNAP,14-9,Int4,-0.394574458521562,-0.2527958274990701,0.1258682993712248,1.0242769259151423
291,SNAP,20-31,Org,0.7376174584292261,0.5074640484347885,0.756752990903477,0.4794775359321588
292,SNAP,23-31,Org,0.8718510908405875,0.4723368968453768,0.602899684709901,0.3629586704540868
293,SNAP,21-23,Org,1.156236057419106,0.3207522553115245,0.5087008170499193,-0.3085438862607417
294,SNAP,21-2,IntEnh,1.1412196716401972,0.1652894915038026,0.6469221036707051,-0.3436988228173402
295,SNAP,46-28,IntEnh,0.9837147494293343,1.2023424449805096,1.5268268675753185,-1.8767520423319493
296,SNAP,20-31,Int2,0.3922589604119137,0.1730432685078313,0.1087180766525827,0.5467988966456524
297,SNAP,18-12,Int2,0.3248533984595604,0.1257796739343725,-0.149752130377307,0.7928471608025026
298,SNAP,20-12,Int2,0.3197792821938399,0.0597500341734193,0.0143628338007098,0.703802025681014
299,SNAP,20-20,Int2,0.3345531689956441,0.0867896819418838,0.0342117145074922,0.6812980057685095
300,SNAP,15-32,Int2,0.1216119054480665,0.2302000411204003,0.2482903912578399,0.8363048445302013
301,SNAP,20-26,Int2,0.3456440805746116,0.1065608391802732,0.049031809846471,0.6630861044391646
302,SNAP,7-6,Int2,0.3527720379753721,0.6880819107311533,0.7143465440161778,0.5942939881956671
303,SNAP,15-31,Int2,0.1431790445487927,0.2357733458057779,0.2644808839733821,0.7554173548999724
304,SNAP,20-24,Int2,0.3201659522279221,0.0604665876252947,0.0148836789044037,0.703234324067215
305,SNAP,18-19,Int2,0.3596514229048655,0.1808667681028056,-0.0981459831011068,0.7423142601714717
306,SNAP,19-6,Int2,0.2967537598446911,0.0623556880757788,0.001834953725633,0.7711902317758258
307,SNAP,26-19,Int2,0.93024177523914,-1.2461132202686953,0.4270617985161636,0.0607632655928065
308,SNAP,16-18,Int2,1.2847499369923034,0.7810868982289519,0.988169223752489,-2.852168864262484
309,SNAP,19-7,Int2,0.3048317456922436,0.0766277370485617,0.0123402138158768,0.7602016754020647
310,SNAP,26-36,Int2,0.9807892568369728,-0.7431463986270993,0.5113789267416222,-0.2435555738016772
311,SNAP,7-19,Int2,0.2401275881437043,0.545325777979659,0.628796479801711,0.675887803396433
312,SNAP,19-10,Int2,0.2969189790944949,0.0626495132697173,0.0020500305171201,0.7709693898198956
313,SNAP,19-13,Int2,0.3118326490412055,0.0888306266901036,0.0214263688086472,0.7503348726326592
314,SNAP,18-15,Int2,0.3260081765674932,0.1277123006852023,-0.1480096957964063,0.7913285345095574
315,SNAP,18-20,Int2,0.3353414035487401,0.1431360460252896,-0.1339850091575752,0.7787417472972354
316,SNAP,18-22,Int2,0.3260081765673383,0.1277123006848147,-0.1480096957967034,0.7913285345097318
317,SNAP,19-4,Int2,0.2967798791510932,0.0624021436887249,0.0018689555200475,0.7711553295452815
318,SNAP,19-36,Int2,0.2984606330238954,0.0653874261498756,0.0040564866747241,0.7689011241346709
319,SNAP,19-16,Int2,0.2970923745580172,0.0629577956230033,0.0022757415825582,0.7707374506955381
320,SNAP,20-17,Int2,0.3199084884699815,0.0599895209429611,0.0145368823793509,0.7036124434358169
321,SNAP,18-34,Int2,0.3293714341395676,0.1333120849928041,-0.1429435507032078,0.7868591513499634
322,SNAP,18-14,Int2,0.3271602735630119,0.1296354683821724,-0.1462727968233767,0.7898054396898287
323,SNAP,18-24,Int2,0.3251227106576342,0.1262308316733788,-0.1493456355705434,0.7924937008829408
324,SNAP,20-32,Int2,0.3609581155031523,0.1328282220378181,0.06933614430926,0.6352682882209089
325,SNAP,19-3,Int2,0.2969189790948668,0.0626495132705389,0.0020500305164024,0.7709693898194946
326,SNAP,20-1,Int2,0.3214345795266743,0.0628143844152508,0.0165920429918754,0.7013643635725657
327,SNAP,19-28,Int2,0.3001249803840008,0.0683355112688415,0.0062217720522058,0.766652571330688
328,SNAP,18-17,Int2,0.3249433598406384,0.1259304086987276,-0.1496163354756245,0.7927291381259708
329,SNAP,20-7,Int2,0.3277117974152767,0.074357934084931,0.0250339119587912,0.6919368418516096
330,SNAP,19-9,Int2,0.2976093869962063,0.0638764909857253,0.0029486868334894,0.770044850919032
331,SNAP,26-27,Int2,0.9682551875726322,-0.8504057136865332,0.4906108647252815,-0.1599199030239118
332,SNAP,20-31,VacEnh,0.5095263454328448,0.2624931691458493,0.2154459570639008,0.4975230352673371
333,SNAP,14-13,VacEnh,0.0213564134171792,-0.181370152145984,0.4212941261459435,0.9757053298656624
334,SNAP,14-15,VacEnh,0.0033993145484062,-0.2101221429762755,0.4087226177229343,0.989917780799102
335,SNAP,20-20,VacEnh,0.3476754674015028,-0.0507813847252037,-0.0198938432887232,0.7545476870895055
336,SNAP,14-23,VacEnh,0.0023038860337062,-0.2118918665397487,0.4079581422484832,0.9907566109745862
337,SNAP,20-35,VacEnh,0.322150828756319,-0.1041516534238156,-0.057986574978352,0.7835453014394947
338,SNAP,15-31,VacEnh,0.2454398661339308,0.2099521766983197,0.3556862502258013,0.7592269248794593
339,SNAP,20-16,VacEnh,0.3156010427175784,-0.118052308963063,-0.0678076696705202,0.7906836472818416
340,SNAP,24-25,VacEnh,0.787379896836894,0.6139637363364724,0.4384275132652061,0.4309572616909377
341,SNAP,3-31,VacEnh,0.0442151825172194,0.3343790281979123,0.6266030217476273,0.8455723374694473
342,SNAP,14-3,VacEnh,0.0014193526915886,-0.2133221796694038,0.4073410492790846,0.9914317024457636
343,SNAP,20-36,VacEnh,0.3185533293789079,-0.1117759565279419,-0.063378476676804,0.7874805977225512
344,SNAP,15-6,VacEnh,0.1124299509671756,0.0266688854600845,0.2332117492651819,0.9230122179553792
345,SNAP,14-26,VacEnh,0.0380632284388821,-0.155074120891067,0.433057382138697,0.9616218653490533
346,SNAP,15-11,VacEnh,0.1125206924204895,0.0268024926140613,0.2332960260367119,0.9229309676230312
347,SNAP,21-13,VacEnh,1.0642326505942103,-0.6811890645630596,0.1272008214032068,0.2095915334535547
348,SNAP,15-9,VacEnh,0.1134233081298892,0.0281310434558315,0.2341343559838812,0.9221213103775578
349,SNAP,19-20,VacEnh,0.3654960085088756,-0.1749426611010932,0.0077553163407259,0.8674048559153694
350,SNAP,18-25,VacEnh,0.4537752404862997,0.1333106768585599,-0.0500567063603711,0.7690588810648695
351,SNAP,20-11,VacEnh,0.3150399308563353,-0.1192471924068231,-0.0686499258492999,0.7912897548829027
352,SNAP,14-21,VacEnh,0.0117734284823342,-0.1966527565983445,0.4145759247087576,0.9834009116575358
353,SNAP,14-35,VacEnh,0.0055567179409551,-0.2066419759341075,0.4102290366603237,0.988256649371402
354,SNAP,14-32,VacEnh,0.0641984839143871,-0.1148911619225965,0.4515906766588173,0.9376086272261376
355,SNAP,14-6,VacEnh,0.0012081948416753,-0.2136637990583467,0.4071937622952251,0.9915925669430804
356,SNAP,20-23,VacEnh,0.3167160548099081,-0.1156797980975194,-0.0661344030921064,0.7894767040917265
357,SNAP,15-3,VacEnh,0.11262141347119,0.0269507838914728,0.2333895718492232,0.9228407503730292
358,SNAP,14-11,VacEnh,0.0013082689584358,-0.2135018870126143,0.4072635647775894,0.9915163425066748
359,SNAP,14-5,VacEnh,0.001219318813166,-0.2136458006161478,0.407201521236783,0.991584095296004
