,Models,Bulk_E_free,Bulk_heat_capacity,Bulk_entropy,Vacancy_E_free,Vacancy_heat_capacity,Vacancy_entropy,Vacancy_E_f,Split_E_f,Tetrahedral_E_f,Hexagonal_E_f,Vacancy_D_0,Vacancy_E_a,Interstitial_D_0,Interstitial_E_a,Lattice_const_A,C11,C12,C44,Bulk_modulus,Vacancy_RE_Magnitude_ROC,Vacancy_RE_Angle_ROC,Interstitial_RE_Magnitude_ROC,Interstitial_RE_Angle_ROC,Validation_E_RMSE,Validation_F_RMSE,EnhInterstitial_E_RMSE,EnhInterstitial_F_RMSE,EnhVacancy_E_RMSE,EnhVacancy_F_RMSE,Train_E_RMSE,Train_F_RMSE
0,GAI382-2,-0.0001211632396411,-0.504100837441611,0.2057221646286113,1.3706202475710598,0.930646099756856,1.5791798699924795,-0.0771733780385394,-0.1886024691377939,-0.0151062528423091,-0.3039693710376151,-1.410084710173041,-1.5228787452803376,-0.466936844203541,-1.0969100130080562,-0.3347255697058028,1.6978396690848658,1.6677804160397531,1.207252601597964,1.6749837589416383,-1.0921029581709196,-1.0216506100468243,-0.8958872688602189,-0.8484726050471945,0.673030182390734,-0.9327939304609528,0.5241087569135474,-1.111612319236934,0.5820711394331721,-1.067278572669227,0.8229427216000849,-0.9418217006047568
1,MTV358-9,-0.3983798304844884,-0.8728582243617004,-0.1684309943214972,1.24952658337829,0.6766738754460132,1.4564431685965185,-0.1560109128773051,-0.859857022080269,-0.0574857454668304,-0.3236718071910058,-1.8753992313164876,-1.6989700043360183,-0.5044399935202152,-0.9208187539523752,-1.135486187483702,0.6885481631241632,0.8399967678726188,1.07616267343812,0.5209232430264836,-1.111274412301014,-1.102523548489743,-0.7414005921092922,-0.7340235782650318,0.6887378226718953,-0.8972130989820135,0.7768271530974358,-0.9515550968254494,0.7476375223557066,-1.0426161597594508,0.898531653362094,-0.9318691238291728
2,MDtra,0.9343980279184884,1.0432131239396136,1.333490349529852,2.541981685555588,2.6211772370622146,2.914790340685825,-0.5138973072065585,0.1944778145462982,-0.3484547375616498,0.2792612039013207,-0.1235676080089826,-1.5228787452803376,-0.3628550801062422,-1.0969100130080562,-0.842987860905612,4.085544732089319,3.662055311568953,4.053669931019212,3.876011994677429,-0.811591664060605,-0.7114169855832584,-0.6081382860590654,-0.4804092810491364,0.8846020806072092,-0.6873173530824853,0.8449703700446094,-0.7065138699862135,0.9834724200696404,-0.734571538999947,0.7706784042604692,-0.7497639346846924
3,SNI19-31,-0.6787207302149881,-1.2088498702995034,-0.4708387073840993,1.3346655375189769,0.7802766543422441,1.5104429545902225,0.1252994026067307,0.0159585604848872,0.2253571575709236,0.1376565483695798,-0.2483383776380325,-0.8860566476931632,-2.531006045519879,-1.5228787452803372,-0.8747306528956881,1.556905365486979,0.6670593101667117,0.8882666779671038,1.1696899322568604,-0.9000073487343427,-0.8941400008881975,-0.6985408292642702,-0.6653986011034955,1.1473093080809404,-0.7261798972451053,1.097384637423538,-0.8152721723944917,1.1132152154604469,-0.8119261870462291,1.3136931444127555,-0.6880899792585097
4,MDV62,0.8393110070498818,0.5882999322903348,1.040615638041031,2.268188181208763,2.312984638030118,2.637769951243412,-0.6907569489970489,-0.2378322754716013,0.1684671588735042,-0.0684553391892529,-0.0568467551867316,-0.9586073148417747,-0.7169577824903502,-0.638272163982407,-0.9293791930863758,3.6628057617804015,3.7856335187001786,4.3084690311238685,3.5820058460143245,-1.1848044810803386,-1.1265281051960976,-0.6495110658876563,-0.5228787452803374,0.9183232440467906,-0.6319399467400241,0.8255410788860159,-0.8070657821705538,0.7096870923256032,-0.977740724986943,1.0120545399602192,-0.5964472806174603
5,PTV134,0.7720436342762282,0.1813559742050537,0.9606799176926756,1.7119175029015088,1.2022003064894022,1.8882853555961927,0.0559451645686197,-0.5452730834144199,-1.320904835579257,-0.059388731317986,-0.6425388847401675,-1.0969100130080562,-0.4810870675639205,-0.958607314841775,-0.4737648244828635,1.6630067196780582,1.6541819806775009,1.6652100844890267,1.177774600244447,-0.9709499527220172,-0.9169934333155012,-0.5927867927823975,-0.4511561846024514,0.93484882203881,-0.6756909976174817,0.9880474923678606,-0.7739507230849584,0.8411979089519336,-0.8602096720321093,1.0216484600737967,-0.6712102310900362
6,MDI151,0.2932181403159486,0.4966550945715035,0.7523577949361941,2.4637627774290376,2.586870064953772,2.864533869562345,-0.0738458867320031,-0.5685247094920933,-0.0698265844832838,-0.8107067243678584,-0.376387216088588,-1.045757490560675,-0.4545988154457387,-0.6020599913279624,-2.0,4.40004838490712,4.60855780127172,4.188437880115759,4.378553878871975,-0.714488931066293,-0.7184374418333146,-0.6859184367054276,-0.6572985857866052,1.3261255032321952,-0.4434879666154723,1.0024531734434474,-0.8693018394297566,1.0406504008586424,-0.6861147618792072,1.3637779890773007,-0.3962681623566955
7,MDI73,0.8981276161556272,1.1284645444597072,1.3595610857718052,2.5883122081834338,2.64335954697943,2.946686850762107,-0.0121171185270957,-0.4075286805927861,0.3568437201270273,-0.564227096914288,-0.1135336570476009,-1.154901959985743,-0.583663340028175,-0.8538719643217619,-1.6902239138324446,3.491496747333584,4.5405845240467775,4.600432779674313,3.9520696007588,-0.7574721857353122,-0.7389816893454964,-0.734289649329811,-0.6433692606988327,1.1240378727829554,-0.5186579329403196,0.7597695121117761,-0.9097030031332588,0.9418211500168868,-0.7278655576329112,1.0978749777393615,-0.4645687743397214
8,GAI287-6,0.0317697396971844,-0.4770386503416479,0.2299648683990196,1.5450713884520146,0.9848351653955988,1.7380962545309733,-0.0650292950646666,-0.1832150492115853,-0.0291241787817313,-0.2228825893639594,-0.7945772280629759,-1.3010299956639813,-0.3165279098433143,-0.9208187539523752,0.040633720228647,0.8846005835263984,1.8252394672434384,1.1475746765303951,1.620054097487709,-1.0740948028531183,-1.005086524690944,-0.8907056117175965,-0.8538719643217619,0.656365060802142,-0.9383768729439976,0.4977826670450623,-1.101337621607653,0.5713118244315069,-1.0580461072295082,0.8135919635282184,-0.943627043668482
9,GAO355-2,-0.480364037711849,-0.7085246674307131,-0.4153431821021773,1.2266172908633035,0.763994071392272,1.3784207536076418,-0.406451532599921,0.126980680415815,0.3030837946289842,0.2527755839577296,-0.7380147172157497,-1.0457574905606752,-1.074064840312055,-1.3010299956639813,-0.7883489821854833,0.6889168927778935,0.9671243538309692,1.238247311287645,0.9107575627219506,-1.0182248201061967,-0.932119334669704,-0.7554223946576311,-0.6545210470156969,1.0101560959091722,-0.90608621964183,1.0809195094392865,-0.948598851214454,0.7033641775674074,-1.0130802470408589,0.5685327857077371,-1.0407723651403082
10,PTV195,-0.5765953246512379,-0.8344400693371744,-0.3302565470140184,1.7861285564454863,1.5725170457620794,2.0705073490700334,-0.0349520323355795,-0.1725329330434651,-0.6543079786426914,-0.3882150130116107,-0.5731545202499302,-1.154901959985743,-0.4179508488262263,-1.0,-0.0644617038003574,2.3969064044881825,2.266589579083411,2.01763672662765,2.315207445904087,-0.9692838593158452,-0.938526864322546,-0.5927867927823975,-0.4228068941052566,1.1171092703258128,-0.6708286840849341,1.1271033367178471,-0.7857616669202523,0.8320162969857496,-0.8947386995679625,1.0510755449476177,-0.6160423166377668
11,SNV4-31,-0.325885971896585,-0.7367453134822477,-0.0965999736459005,1.443600794108132,0.9128374324272344,1.6429410015452517,0.2073878773374728,-0.1185280235733505,0.1850826034861918,-0.0869671831615682,-1.60097727525927,-1.5228787452803376,-0.0750579710228857,-0.6020599913279625,-0.2038809634723463,1.402075086633826,0.3192345838437035,1.437046273045171,0.8253814696907035,-0.8946064826536684,-0.8981211590945453,-0.6699647567885512,-0.6180033200696357,1.1078874084096348,-0.6879320929914805,1.2128036753643456,-0.7786603583245526,1.2036874330099407,-0.8134761656375357,1.3378417065541028,-0.6455526156976406
12,MTV185-13,-0.3675443740349596,-0.8803994547184743,-0.1515512946944063,1.2517696852076854,0.6672939917629865,1.450214422852999,-0.7551170687399116,-0.3556630315014902,0.1810081931215849,-0.1565494493050965,-1.0464117165912945,-1.5228787452803376,-0.0065765517773957,-0.4089353929735008,-1.3631830533220566,-0.1679545875789248,0.6038375200018257,-0.3889053157818571,0.4447490822079551,-1.2739318369835173,-1.2463225189995657,-0.8312495688150714,-0.6755663988037506,0.7801026735271697,-0.9165512158485516,0.8328737975476072,-1.0339875062972312,0.2153986773478878,-1.2089432052801612,0.5252216426060872,-0.967602627145602
13,GAO191-5,-0.8170865258345437,-0.9314634944402908,-0.7961676064264069,0.7525779339829778,0.1978556814683043,0.9104373108817412,-0.5684102607395791,0.0159712451367492,0.330981953045112,0.174264157682233,-2.322274200347343,-1.6989700043360183,0.1617433380069353,-0.2006594505464183,-0.8227730450448726,1.7686999190547843,1.658317892995529,0.9837573143361528,1.6954018714173436,-1.0965383446225945,-0.9879721635411663,-0.677956000720288,-0.6152123778823683,0.9769409512267384,-0.9108626939418528,1.0318253454559412,-0.9366086713573358,0.6494688083578697,-1.0380867821020074,0.4864978703809871,-1.044736960137977
14,SNorg,-0.8994417337297012,-0.4099578541905398,-0.3863099187446697,1.185717383121791,1.0155598762678204,1.5186364599863886,-0.0495833595641834,-0.0763506628136208,0.3086698838429717,-0.0117275746639296,-1.1241214791216956,-1.3979400086720375,0.1259603025630072,-0.3767507096020995,-1.011705242795769,1.4446731132193344,1.0160887514758885,0.7117572022164111,0.3071707003675389,-0.7951369983742929,-0.9093216924388884,-0.6651715486963351,-0.598735794012199,0.9137181144321156,-0.5937388901613038,1.0016298021088967,-0.6790779995759191,0.860533104776909,-0.6866775945451531,0.9087460951519007,-0.6568623427468124
15,MTV133-9,-1.5336181685974806,-1.0631248528983146,-1.0287165036674557,0.8407262002924288,0.3418250872578442,1.0879989038172102,-0.1507259534627958,-0.6944650702856214,0.0071186013426988,-0.226014314798281,-1.1149060414954786,-1.5228787452803376,-0.835266453659951,-1.2218487496163564,-1.113577578921919,1.3578177591619975,0.7814138817848421,1.1620039486794,1.0528778165144308,-1.1249387366082964,-1.1059268313274366,-0.7495937824106602,-0.7377634892724995,0.7531474800590428,-0.8928985980117377,0.7873021447077198,-0.9537689034508858,0.7599660654868069,-1.0397938297387137,0.9257909564672856,-0.9352943940915056
16,MTV198-14,-0.5202797282165805,-1.0388192912086636,-0.3015529912922218,1.175988155214243,0.5821979372627348,1.3741266978147924,-1.1133651153347732,-0.2057730364715104,0.197798015341626,-0.1989009741470059,-1.7801325189359998,-2.0,-0.2640101763186889,-0.6777807052660807,-1.629473949475123,1.1748683918649734,0.3004782810454791,0.5574714793501925,0.7770095450707908,-1.3058156582147913,-1.2354451655404932,-0.8158862805837221,-0.6811823539802154,0.9477879880823884,-0.8366233402618388,0.9757854933069666,-1.0367149033827956,-0.2943417047313513,-1.2546085320422735,0.6216722570446553,-0.8705161170430135
17,MDI181,1.1087725965128576,1.2442563283248225,1.511596581676046,2.589773809048493,2.6143559095703464,2.931172142768487,0.0060599352074818,-0.5259256841576399,0.3055713493502689,-0.6612251125172821,-0.2094709333402804,-1.0969100130080562,-0.8403229648837572,-0.7695510786217261,-1.2071661076836635,5.249733832861749,4.795486262331341,3.958502710674408,4.633504818429842,-0.7755414423109128,-0.7248622653947542,-0.6993996039433401,-0.6269008952181805,1.4076611187488397,-0.5477712815720205,1.1583313812999956,-0.8941068533978158,1.1782610130681523,-0.7248540000860888,1.5244293489536476,-0.5117805400469058
18,GAV280-5,-0.1494208295677681,-0.6360192091091778,0.07349641747765,1.2221744070410023,0.8320189610509645,1.4834354960529237,-0.4031814503396914,-0.092840325383241,0.2840180672814198,0.0808236910222742,-1.3027927356374922,-2.000000000000001,-0.0230573742261576,-0.4436974992327127,-1.4860051185104006,1.7117491094611847,1.4199453830171629,0.9539974752820942,1.536103747867111,-1.1591723432806538,-1.122960170626216,-0.7005062439354204,-0.6378989442217516,0.8511484741712106,-0.8929635775752008,0.8708749873387096,-0.9700598585392513,0.4426196609308358,-1.1095853107169145,0.6478896546079486,-0.9445450296535608
19,MDI89,1.065194783973692,1.2349245852624744,1.4848876767852448,2.5369052100273155,2.5858645860920983,2.8932715805681317,-0.3676436860721193,-0.2337140011037515,0.3260491982756014,-0.9352013710734276,-0.3561149831636817,-1.0969100130080562,-1.2464362693674145,-0.744727494896694,-1.0482549058046875,2.8868993926282824,4.322665009860069,4.348310872970306,3.604649898684322,-0.7004598667985295,-0.714720205314363,-0.7117937342245805,-0.6910679973063583,1.2142329192565913,-0.4258823453816466,0.9032716965441936,-0.8072822337857584,0.9740181609645978,-0.647578751443296,1.2511658569743658,-0.3678713499781485
20,GAV286-5,-0.0407501585251036,-0.551040692806195,0.1651184091603156,1.2713355702922096,0.7258472919731157,1.4745612188134432,-0.4021433809050495,-0.1624494339852299,0.2139384040583905,0.0209534067241767,-1.0228009439283312,-1.6989700043360183,-0.2115219049408632,-0.6777807052660807,-1.100363737730064,1.6459762443430088,1.608873502967638,1.0339536568995935,1.6181225206030327,-1.189380861486364,-1.1341580704276888,-0.7038431843738417,-0.6257074213702842,0.7908594782600848,-0.9073718028961042,0.808087253690633,-0.972959091098137,0.4144587048900809,-1.1313855472455403,0.6520977659381452,-0.9560448331318137
21,PTI151,1.0005131358819843,0.4799450318499304,1.0988511982284046,2.3158589090015,1.7291411781914203,2.448627438256027,0.0474448928549178,0.0764055809175,0.1214716408733655,0.1177402733501318,-0.4771402372873693,-1.0,-0.5002318575198157,-0.7695510786217261,-0.6925645686637587,2.6462394424175475,2.4538344538747974,1.7968077216711835,2.4479426031593787,-0.776785076367248,-0.7315438507512694,-0.6693913549599364,-0.6167832481486687,1.8669179723854856,-0.5523911207368175,1.6439263882466526,-0.8393062066025458,1.6473507492724977,-0.783755855608114,1.9546396975507492,-0.5008080451758139
22,MTV114-13,-0.3579671786561691,-0.8696621213795142,-0.1431873209940874,1.225518165241406,0.6455278764540938,1.4234628372610838,-1.1486264098554504,-0.3167106894835698,0.2101911970810747,-0.1705480154716732,-1.0297552476675034,-2.0,-0.0120828141145908,-0.3979400086720376,-1.8604066491088511,-0.5953608343153567,0.8189143320836056,0.0470174631439268,0.6822884323891247,-1.2569414950098452,-1.2364694454537395,-0.8327494361297498,-0.6781313669580445,0.8544053106053839,-0.9157180894931818,0.908622613218224,-1.0260578182066944,-0.1498230231415737,-1.1956464498414898,0.5329703200241163,-0.950378451861014
23,GAI286-5,0.0978270230402914,-0.4056870956186011,0.2970012032861568,1.5731566448699057,1.1490200349598538,1.8083503538670036,-0.1056310215614159,-0.1865362249233287,-0.0195824105217316,-0.2763186978552954,-0.8466648739227414,-1.5228787452803376,-0.326209241069144,-0.9586073148417747,-0.49163056411989,1.6158697506107684,1.6684454401639128,1.1781829505181134,1.6483775265989573,-1.080492054917861,-1.0244737693832031,-0.8808970240930551,-0.8482995448807683,0.6646713221652154,-0.932389864782467,0.5251392478272567,-1.1100239936555345,0.5868479759320855,-1.0663454454731112,0.8120313875827182,-0.9504833879374708
24,PTI150,0.1745553639398973,-0.1680625627127711,0.2820093819384509,1.208972515596044,1.079159272328047,1.2491053912440495,-0.0230479574926991,-0.2810137951866883,-0.1573169899384742,-0.086306819361076,-0.2291103875511871,-1.0,-0.2754552518520093,-0.7958800173440752,-0.6001357297372332,1.4085970052473316,0.9564800421157532,1.652713443452932,0.3376640477948913,-0.789604509774334,-0.756452315641802,-0.630343968603965,-0.5347348048161453,1.4201307733321478,-0.3507303253847234,1.0299440911739073,-0.7239022316070427,1.0415900096568,-0.6766946149565001,1.4607555311912082,-0.33306951979296
25,GAI287-1,-0.006047978641361,-0.5149007130013388,0.1939769894060987,1.514597186662156,0.9581346267855168,1.706295567547034,-0.051739060695905,-0.1881812667841132,-0.0347312728214989,-0.2156636820651004,-2.322274200347343,-1.5228787452803376,-0.3535556253751951,-0.9208187539523752,0.0813460954598296,1.56791097071459,1.7882652763971083,1.2204699631461906,1.4515420386233844,-1.0826455856870851,-1.0304947305811047,-0.8951157039548084,-0.8517739192660693,0.6634210112034203,-0.9373780600185742,0.5069581077816642,-1.102005273422353,0.590887535245562,-1.0583433987329007,0.817517439150349,-0.947959514410376
26,MDV125,0.7510708172786718,0.8353306044127954,1.145075955628936,2.517596441054851,2.6246950356526195,2.9125440847550896,-1.3002862396604151,0.081948105637925,-0.4396926043073604,0.1269066159392252,-0.0559611067695138,-2.0,-1.7260490659157428,-0.721246399047171,-1.009715648270976,3.997832929918329,4.555221271331075,4.079812893306973,4.049391227581283,-1.3698648091252623,-1.2296019811208587,-0.5881045846991269,-0.5322623347395283,1.1244763422683866,-0.5528498011156514,1.0797082466069017,-0.7468555016302829,0.7615021252827515,-0.9811075185527546,1.075575557124816,-0.5323640449627541
27,GAI279-6,-0.3965839183062765,-0.8529557639770591,-0.15963936997096,1.1889537577837246,0.6179004889291547,1.393835228818049,-0.060155312185366,-0.2005270332459086,-0.0165993155346137,-0.2650300856557514,-1.0038644358626492,-1.5228787452803376,-0.7066247948488127,-1.397940008672038,-1.0844426849639854,0.9973205913783711,1.368538823277329,1.028653660789279,1.2684654755121734,-1.028902156438921,-1.004785662550819,-0.8968536566241341,-0.8431395497418668,0.6767447935014,-0.9186975051566832,0.5612858813327616,-1.0925164097790885,0.6083187031069077,-1.0518888527725574,0.8198815676633625,-0.9259202555945176
28,MDI61,0.9033660174312846,0.887579371688128,1.2501574646468332,2.4434598463900787,2.472562486003071,2.796058976371094,0.1345884711774111,-0.0227860041465255,0.1740632692773562,-1.093077325154208,-0.13427777913931,-0.9208187539523752,-0.7821180744029231,-0.638272163982407,-1.000104570218409,3.385432178415715,3.648368579598428,4.160386989276503,3.161722858302271,-0.8769990830696891,-0.779551576822354,-0.7776362911680076,-0.6728431772001593,1.0945751399402002,-0.6127413253233561,0.8374903740828253,-0.9697666813437829,0.9833993020599034,-0.8400273431614267,1.1638463984574885,-0.5915485502838844
29,GAO283-2,-0.1405716572003403,-0.5519950857406197,-0.0122806747567448,1.1029907964773535,0.7360862142576974,1.0500556541137374,-0.5583538224779283,0.1056179348792248,0.2863551618598955,0.2230277295561191,-1.60097727525927,-2.0,-0.939863541830146,-1.6989700043360183,-0.8142012638062233,-0.3472504645588421,0.3334151124372458,1.2323394159786314,0.2095294486718785,-1.053763145485186,-0.9842269806203844,-0.7374952820804612,-0.6608237681074631,0.9904551790816764,-0.919832804306532,1.0494079714465647,-0.9577730158802976,0.6805748345956615,-1.034996576752392,0.555175212445101,-1.0587023487061482
30,GAV191-6,-0.2905979374163436,-0.7800898882620584,-0.0659745543814825,1.2847635514394964,0.6956508404547033,1.4932809540927805,-0.3122347945294657,-0.1259380452267832,0.2180460920374144,0.1042807935419677,-0.8481554174982451,-1.3010299956639813,-0.404741879905958,-0.8538719643217619,-0.7696638709313626,1.906525024839986,1.836792176345962,1.1575778574611169,1.8593049371868016,-1.1695959111968055,-1.113973099522984,-0.7107210121110984,-0.6295067741627267,0.7552876444847227,-0.9095091355424246,0.7839798930183973,-0.9664593382099212,0.44488968746421,-1.1195428963015537,0.6681581220154403,-0.9621734363353566
31,PTI209,-0.5205422051166863,-0.2216407872266123,-0.0084929288552372,1.1835865799837104,1.0430685580939627,1.5703983148440857,0.0533664107678014,-0.2648502625114754,-0.0221498225780879,-0.0423269208518337,-0.6104048610296664,-1.2218487496163564,-0.2999303688299847,-0.6989700043360187,-0.3441853692132347,2.558699841035223,2.454201663442326,1.9951536094710889,2.492364162531422,-0.800928922867261,-0.7395528611278381,-0.6695059747763584,-0.6335506603373091,1.0867849878987756,-0.6089117271732905,0.8530477362762148,-0.8523566625037118,0.9776496911103308,-0.8045393139115085,1.1283614604573404,-0.5276838737728929
32,MDV85,1.0868878449623744,1.203915869521098,1.4706158853372062,2.5257405198259346,2.602500491950578,2.8973328652525216,-1.0375032738622647,-0.1253650480769461,0.1032655874183422,-0.0027051890301807,-0.0185739628799496,-2.0,-0.3656025098365956,-0.619788758288394,-2.0,4.231668523925003,4.4223135423996105,3.986413760696508,3.993478669775903,-1.2968853679253871,-1.2390407642847865,-0.5638014036612161,-0.4660025924492548,1.0620274156065506,-0.4394556836676649,0.8655474973775344,-0.6661667616674327,0.6344636609631941,-0.8855214349903784,1.0070704530197143,-0.4145285229227939
33,MTV261-13,-0.3511827377249756,-0.8613973596957967,-0.1367676364829983,1.2381361133310955,0.6578678940769728,1.4381426748441035,-1.143898828346233,-0.2979249573570524,0.2131434641073142,-0.0878039776203326,-1.286844148866073,-1.6989700043360183,-0.0358258441837713,-0.4089353929735008,-2.9384127397934705,0.308800987517141,0.9185198954492488,0.1109256674021392,0.8154623305041707,-1.263439788046762,-1.241627397791186,-0.8309169672426951,-0.6892646958286406,0.842969842979928,-0.8794543852284302,0.90786722324903,-1.0299644355458213,-0.1495839774222631,-1.197040566915651,0.5124205654316446,-0.9294044054938042
34,GAV274-6,-0.1187021335595549,-0.5981428639447741,0.1079018272215146,1.3329323233787345,0.8050325376904279,1.5474739078291513,-0.4132309748968102,-0.1270613583376817,0.3114077413900041,0.0465651345093055,-1.401894708595523,-1.6989700043360183,0.4362119210062201,-0.0087739243075051,-0.6248146707237182,1.62954564892274,0.8689089540389812,0.6700659404072681,1.2741757656149977,-1.143163556714496,-1.099146727730128,-0.7006293781811856,-0.6212737022541334,0.8694583036432777,-0.8734705680812422,0.8870665390448489,-0.9432228798965688,0.4849648932883672,-1.0689078439740654,0.6629752479622861,-0.9158055627114424
35,MTI260-13,-0.2060390446703814,-0.7224127667299333,4.923734105199024e-05,1.3104854818715015,0.7520714405425293,1.5063925527874331,-0.3164843248946332,-0.5783479093900464,-0.2103306504701392,-0.5581818962376105,-0.844988886175676,-1.045757490560675,-0.7221760304275175,-1.2218487496163564,-1.254222196596256,0.7186004207023646,0.6450213660199433,0.4372025804957409,0.6389227512743615,-1.1353751505756555,-1.102523548489743,-1.0028308937088426,-0.9062420587604676,0.6012284480557649,-0.9329659746165776,0.3242223134165002,-1.1708255509352972,0.5145455049105514,-1.1193660085130717,0.6198728409862647,-0.9352568288387024
36,MTI174-13,-0.0900184179200702,-0.6116221913386989,0.1050036669188934,0.7707548476100543,0.4768111491597111,0.9238790924412824,-0.651143374381244,-0.7851152649159703,-0.3883834146967457,-1.239152233268479,-0.736949067478083,-0.9586073148417747,-0.5647168891172389,-1.0969100130080562,-1.4644304236213783,1.048662804466883,1.0620194345939449,0.6998345353200688,1.0447459909823975,-1.1202052349057114,-1.0571428861365733,-0.9988972626781932,-0.9172551876292184,0.5135058590276325,-0.9091525613746038,0.0492267489518392,-1.136178420195838,0.4489753216993226,-1.0922258237373477,0.5431374245492709,-0.9013972705103346
37,PTI214,0.9575219264418368,0.4537821127936654,1.049766656911855,2.207113963917322,1.7493159731691268,2.212696038856385,0.206735624811792,0.0382027251120881,0.2389543090058475,0.1837544719479499,-0.6461054412455043,-0.8239087409443189,-0.9619982659926662,-1.522878745280338,-0.5804752162535018,2.4864836359105795,2.558671283554271,1.6274175420910333,2.536337603273925,-0.603967932812422,-0.6003973907886244,-0.5974229171223955,-0.5078870340563028,1.7346484897293533,-0.2974843137945666,1.4706586198035982,-0.6662900379666817,1.4745426835547837,-0.5637381965132267,1.8387298932234408,-0.2296709590529647
38,GAO357-2,-1.209646477076464,-1.0738624633898113,-0.756734798111047,0.594324788546201,0.8031078430738607,0.5624245630843301,-0.5125245970588703,0.0168775884185227,0.2714205931191966,0.0823840242939748,-0.736949067478083,-1.2218487496163564,-0.3169371725028373,-0.721246399047171,-1.7611494826273029,1.3018200985294843,0.1992547542428014,0.7549833209023962,0.9067077320665076,-1.013903446323554,-0.9967401830569088,-0.7620390025900552,-0.6198398788207243,0.938113372269054,-0.9179851022137664,1.0213171105872882,-0.9591572788526176,0.6683031228426242,-1.0161194246826442,0.5221745147826256,-1.0370636933326478
39,MTV16-13,-0.4777738249011822,-0.9547599156640824,-0.2430284127696806,0.9742823191071294,0.3980332199342483,1.1885011184932797,-0.2837454010658859,-0.752278315463432,-0.0005522800587805,-0.187112144124895,-1.2309750457971496,-2.000000000000001,-0.7591583507679615,-1.397940008672038,-0.9623581249505412,0.9903539198817566,0.6655357985312825,0.7921645045070981,0.7791002478789648,-1.2447518320003206,-1.211560412740353,-0.7771953830266821,-0.6935446816397509,0.5168528203833404,-0.9102532170102426,0.6986980885435182,-1.0300253584988603,0.6663401776819018,-1.1771898971827213,0.7802463891342155,-0.9508583861805192
40,NNO18-3,-1.5124343157457971,-1.2077170968899331,-0.9942509316446684,1.4161602026743103,1.070698300491938,1.6605951430786716,0.0757463105241623,-0.2648327871901514,-0.9084624387168588,-1.1452208892158542,-1.0247159076075398,-1.698970004336019,-0.2207863788578834,-0.619788758288394,-0.5255198916453684,0.7321857408829022,1.5189662893094735,1.50940141936131,1.3830141987418931,-0.9548378412418038,-0.9064344054703816,-0.7085834842893015,-0.5319699227270076,1.137351134423371,-0.7177403940964686,1.2019448928278054,-0.7576562889414465,1.1103629196660196,-0.8123228542144878,1.184596632993898,-0.7806376495727193
41,GAO286-6,-0.226768710066417,-0.7108934738852503,0.0024340428130966,0.9368999392629532,0.8882090555504133,1.296083747515568,-0.6788240389072476,0.0290176933866111,0.3071156794119828,0.208873238530181,-0.6447208287970727,-1.154901959985743,-2.5280516271083093,-1.2218487496163564,-1.8795150447817683,1.3132791333764646,-0.1758299372843099,0.2774958559147226,0.8828329681883723,-1.07906227755437,-1.0324135605740143,-0.6820664442941479,-0.5959688047754315,0.96262390693884,-0.9141606319706774,1.0258910538005697,-0.9360991406250512,0.6115411667937015,-1.0371105371774665,0.5029732619267159,-1.0454303852582865
42,SNV25-31,-0.5588191134446714,-1.000573053821014,-0.4073773117694763,0.5149642740011293,0.0041281965704051,0.6749832709423195,-0.0113185470783731,0.060207573502218,0.2006364147274542,0.2802998760155025,-0.6876064038591782,-1.5228787452803376,-1.0548462264997838,-1.3010299956639813,-0.7982006391082735,0.909802086867714,1.3613428459351495,0.8810929520883133,1.1120980120873516,-0.9553743385081817,-0.9505695564491344,-0.6271607806199295,-0.5395948628739216,1.086940899327642,-0.7145985058763853,1.117108569566967,-0.7983892402675554,1.0709808277238004,-0.8369155602630723,1.2177200419446943,-0.6750275526564397
43,MDI62,0.9921515919021568,1.054001741297515,1.3559601728013908,2.400587478904849,2.398744390069945,2.7391090970649628,0.002150238778592,-0.082599121226605,0.2352542739219613,-0.2490786452161658,-0.0895670396787914,-1.2218487496163564,-0.8566488523997566,-0.6777807052660807,-1.4812598045305962,3.993116641344241,3.664253106564387,4.270423903268632,4.050267528805681,-0.8402762760449503,-0.8054666513785677,-0.7757289136883331,-0.6891447415447953,1.0136953237779145,-0.5980487958314438,0.8114935741684817,-0.9491396631767492,0.9555830620265912,-0.8443849487303703,1.048063036186146,-0.5512303209737106
44,PTV206,-0.1870320528670979,-0.6315151711592643,0.0313022984546073,1.48363278523277,1.4814557562121755,1.853332088273557,-0.0122378892468306,-0.3394147097829297,-1.006157651741132,-0.3372146715105482,-0.6041034433105943,-1.154901959985743,-0.5256589815969935,-1.0,-0.1692663365598982,2.719912411207809,2.635925606311299,2.1155027464462552,2.6660750754414666,-0.995266498297412,-0.9726224624215836,-0.6278892881891069,-0.4490465277846051,1.16385140105404,-0.6541511764591381,1.1212370546904076,-0.795037250977425,0.8522065197376831,-0.8919940089869822,1.1032743137671055,-0.6047976698275297
45,MTI173-13,-0.1209816004436334,-0.6410674749391249,0.0759853576551313,0.7612895521512316,0.5144289728640603,0.9078034576255436,-0.4136601863348453,-0.495100866216684,-0.2138054920568601,-0.6109488971546215,-0.6083000002884806,-0.9586073148417747,-0.5385459207159587,-1.0969100130080562,-1.519416905200025,1.042648404061188,0.9940552101932212,0.8244434341001048,0.9965109288565492,-1.1305271618311228,-1.0765714379749,-1.0082984787150235,-0.924618020605522,0.5198502516485751,-0.9362695605206098,0.4541028880237686,-1.1547335703606405,0.558146875630205,-1.1101503905408716,0.6551430352933323,-0.9082212395858148
46,NNI127-3,-0.4137046345247486,-0.9343493639644392,-0.2286392855160405,1.2408799736403235,0.6812177285575598,1.424330280253638,0.1028278057020454,-0.3169105759405883,0.0129097004856966,-0.3386188349476502,-1.02666666757975,-1.0,-0.9495372089295328,-2.0,-1.6861578216830957,1.3267743047048333,1.2678082419019991,1.223811200854653,1.2808490036077915,-0.8976508889003477,-0.8523871954160722,-0.7409949621153873,-0.6505523428274135,0.9025369186509442,-0.6518374141134181,0.8464737068756926,-0.8154295474786346,0.8955901927687278,-0.7985368987851298,1.016617905452533,-0.6450503911138279
47,GAV383-6,-0.2466795769567104,-0.728758399858461,-0.0180595984745996,1.283862996835401,0.7113574685591411,1.4913740656170302,-0.4177905939605381,-0.1009207544299063,0.2591731922809214,0.0739062387238292,-1.490948521049335,-2.000000000000001,0.0301875515299069,-0.3979400086720376,-1.358520968188045,1.8384877713799463,1.74254762087284,1.0860367806558469,1.774510533248631,-1.1940059795543398,-1.1378195912611428,-0.6936658575562464,-0.6154147518291346,0.8522482275077616,-0.9053627505066758,0.8906170546959423,-0.959198241852182,0.3847222538036555,-1.131764132840701,0.614620115819776,-0.956043325849827
48,GAV382-3,-0.3392210833363538,-0.7844369261632245,-0.0975189863942386,1.070500046611904,0.5510326627558104,1.2913117284818485,-0.4072271259653974,-0.1244056150721101,0.2421083708186001,0.0035362276914229,-1.481248416827479,-2.000000000000001,-0.2743720010583421,-0.638272163982407,-1.1419956397740778,1.6706356080266709,1.4440868943899177,1.0102685295916332,1.529120321624904,-1.1802758218816027,-1.1321371524864596,-0.7141376821257492,-0.6324440427246734,0.8324206083717417,-0.9038488024457488,0.8722193111942801,-0.9810184884945544,0.4099256818001107,-1.134707172191687,0.6179109151272816,-0.949233983681653
49,MDO73,0.9089608561599714,1.0409435334816448,1.3103399881659767,2.540850076881285,2.6153932356784835,2.9102511489221383,-0.684282745380947,-0.2680218787558425,0.2707915017708538,-0.2433276226276305,0.0165328122465058,-1.698970004336019,-0.1307720666344737,-0.494850021680094,-1.3151647219585942,4.803321804639222,3.949669856369973,4.073579901783521,2.396115948049576,-0.7994268219944605,-0.7297041255425143,-0.6198910053711275,-0.5225925814470139,0.7851424379312896,-0.7088452321513807,0.8944760101708026,-0.7230187946588355,0.9024479651167592,-0.7726988273471812,0.7429760436159542,-0.7821588307558579
50,SNV24-31,-0.5081611230163924,-1.0073186676906738,-0.318101758819388,1.334010806315163,0.7856835506218135,1.5085693730879437,-0.0062917514004444,0.0023835905586452,0.1767041665695111,0.2451426655671133,-1.0969438293599134,-1.2218487496163564,-0.6813608917160159,-1.0457574905606752,-0.6980831385399129,0.5988086640518304,1.48997008438534,0.9699318061902132,1.292488559194119,-0.9479230249081836,-0.941376405891046,-0.6381121733812594,-0.5517042696162737,1.1040112949048015,-0.7116727140161871,1.0932313859494167,-0.790981539928296,1.0699275257708534,-0.8258749661786029,1.2384675793339537,-0.6772327868459416
51,PTI87,0.3767359883165918,0.2698345657521825,0.4070837185275023,1.7240760636041903,1.4494213822646609,1.4779583608824114,-0.1516091778455557,-0.5647786252072575,-0.2502343574056341,-0.0807422656397323,-0.811570709580723,-1.2218487496163564,-0.4017947923118052,-0.7958800173440752,-0.5654604548039542,1.9601211232445472,1.5160232991005336,0.9057821702753224,1.721120861410909,-0.8139109992493755,-0.7735943270457193,-0.6825386960540465,-0.5919709456788494,1.0252997592145414,-0.4844208974226055,0.7585163987131652,-0.8084685039490798,0.7904720132353291,-0.7608948778328122,1.0395852581994964,-0.4519236764500529
52,MTV333-13,-0.2846011994957598,-0.79992480260964,-0.0752456846272392,1.3051974302500673,0.7238117152499606,1.503952697146985,-1.0581331547190476,-0.2929661491956811,0.2165324329592832,-0.0516550333068969,-1.5704790456227324,-2.0,0.0577850556616205,-0.3467874862246563,-2.0826912152741706,0.3569753465993143,0.832103150289583,-0.0236349409622393,0.7497947254866318,-1.2569414950098452,-1.2390407642847956,-0.8299206881243002,-0.6981120778898626,0.8396831222278133,-0.8794853611331719,0.9092167114521372,-1.0284590002845198,-0.1421936675733572,-1.192848728403776,0.4939699652986509,-0.9308119779727816
53,SNI25-31,-0.836600934986413,-1.1975106485254965,-0.6810398091483909,0.8217566934734144,0.2645067339992303,0.975613050451828,0.0622020130058152,0.1423666094132022,0.2708796441307296,0.2385267280036666,-0.2616447192921258,-0.8538719643217619,-0.0815183777688048,-0.6989700043360187,-0.6499633301690051,1.057082997329187,1.0251801623339185,0.7746393214159124,0.5558674868789051,-0.8943731791391116,-0.8622384788282356,-0.6906465567280137,-0.6656257722774488,1.2318334703495677,-0.7310474494464337,1.173447555599586,-0.8243668371461387,1.194870002639404,-0.8215555135630204,1.3878768524268963,-0.686792943977569
54,MDV77,0.987605940867228,1.103698542355494,1.3749042515685923,2.5346059951481665,2.587388261471299,2.8918366493078573,-0.3927150246004267,-0.436228837238382,-0.0743095551609051,-0.0978812795775753,-0.0862757547117925,-1.301029995663981,-1.1971331761072572,-0.6989700043360187,-0.8794813827585675,4.443276574595036,4.529178776813477,4.723113484718538,4.273454047585913,-1.2722582530939552,-1.287557879583739,-0.5484824210896021,-0.4643197641225377,1.2024905468241605,-0.4282493631363753,0.9978813580899796,-0.6581235581859433,0.8630875989338596,-0.8548993746753037,1.2361028793188409,-0.3812956973548352
55,MDV75,0.9482625269922218,1.2399720547489477,1.434825612757141,2.5201765746123783,2.594793809435328,2.889507964586527,-0.7939085138016962,-0.2828830123138252,-0.481694918559386,0.0802859442499892,-0.0946422604983798,-1.5228787452803376,-0.2296993394403187,-0.5528419686577808,-2.0,4.316082099030807,3.5329387479556305,4.170374074052412,4.0284168117499215,-1.3217436161738716,-1.2689303097450342,-0.5713710967797883,-0.4854447439148071,1.164817999374434,-0.4473666952087113,0.9369839226746436,-0.6832726349041031,0.7703226466842699,-0.8953643603606314,1.1104865825568049,-0.4107010843313279
56,MDV253,1.012286499407442,1.0600596218944736,1.350556369067753,2.634671239914751,2.606783182711704,2.942571141256608,-1.7055959715195874,-0.1293097555687242,-0.3262539442388324,-1.29870977222701,-0.1047150360683839,-1.397940008672038,-0.5342364579959699,-0.744727494896694,-1.4834537064068472,4.346946310805268,4.57589427901395,4.832761824368589,4.542895973977885,-1.2164292359527096,-1.216919133897388,-0.451398933151377,-0.4098801279162083,1.3124745355123275,-0.3159393550647717,1.0623782041241412,-0.550551513655344,0.8769146256655632,-0.7553380345158113,1.2869070276845689,-0.2891572969936405
57,NNI116-3,-0.0407078647689563,-0.5522823553721099,0.140386631061119,1.5494915570345382,1.013246148204613,1.7339437462108955,0.146135307889972,-0.2329909640294389,0.0325345131092057,-0.4771359077510466,-0.7928200840476647,-1.0,-0.2478928110413333,-1.0,-0.5414016237528925,1.4372141883486704,1.311163608301819,1.5446149660323676,1.3636777439853804,-0.9458173505679064,-0.8939069477664772,-0.7777833600762531,-0.6910679973063599,0.95240839091173,-0.7070367067531425,1.0117041228729853,-0.8380489289964179,1.0186006075082654,-0.8165167681535794,1.135932103426009,-0.7068845109776762
58,PTI146,0.3097212103391544,-0.0177744220804784,0.4175103942589454,1.3009841135008997,1.2110920212249432,1.326689132310686,0.1116317494792833,-0.2800364669746527,0.0178389150857646,-0.0285723850201241,-0.6098717075819062,-0.8538719643217619,-0.3696182569705646,-0.7695510786217261,-0.8920336446220962,1.642599847137727,1.376966934324558,1.6355512042295617,1.4892854029403335,-0.872540168317318,-0.7704268491986,-0.7023569334486697,-0.6143028603103624,1.1556055183620169,-0.5408983082495052,0.8958416756116423,-0.8292095000511401,0.915913651195606,-0.781843017226799,1.2131505258889717,-0.5162491526060135
59,NNI67-3,-0.0761641023764916,-0.5855227745474834,0.102371248459853,1.5571126932003183,1.0147763463105923,1.739108455846196,0.1512957749391599,-0.1859148184026174,0.0583976783273656,-0.2657571046298008,-0.252151971176336,-0.9208187539523752,-1.3887527450441768,-2.0,-0.6214844732760613,1.4768242497568076,1.4112335051509497,1.524580937550036,1.4395096672420795,-0.9395608992917536,-0.904758976898491,-0.7704902502868618,-0.687110571634342,0.938169978102922,-0.7261891253392635,1.0060879293243985,-0.8407911161349578,1.0281388118101489,-0.8189308144179468,1.147041792372293,-0.7189075602795946
60,SNO20-31,-0.3109753250614505,-0.7775399954777691,-0.077685369740984,1.4709044295285172,0.9039292071528604,1.6711536052496294,0.0535204399432566,-0.0648929610280807,0.2813532396921129,0.2094487638354474,-0.6788194735400721,-1.5228787452803376,-1.1313811288099649,-1.5228787452803372,-0.3060802421817646,1.4212142657617983,0.8589447204715835,-0.3330005730997624,0.5612114380367446,-0.8869728811171806,-0.8997711265463617,-0.6430455629333607,-0.6186656262880582,1.1110127992693803,-0.7578411388402162,1.1216950604493838,-0.8128261173277657,1.1535304792925172,-0.8229400245741584,1.3047630289305836,-0.7817675096455594
61,MTV111-13,-0.3415568629144169,-0.8560004550518228,-0.1292334824285567,1.245216641408084,0.6650916180571305,1.4426670335376002,-1.1106694205823795,-0.3035222243959234,0.2135085387335132,-0.1382276915752523,-1.042405618576064,-1.5228787452803376,-0.0988303091779936,-0.4436974992327127,-1.9267959558696552,-1.5301839816258087,0.761310416835243,-0.0069101544236742,0.6223203088727698,-1.2596373105057506,-1.2395568599865336,-0.8345896697386652,-0.6877078684990914,0.8471377153937223,-0.910318529830242,0.9081229709277566,-1.027353915914751,-0.1407747592188861,-1.1938482576268534,0.5114745497624664,-0.948410134007748
62,MDV76,0.891510560878459,0.5086735813666444,1.0956172514761526,2.4698466079407986,2.4885889663912795,2.815744158731183,-0.8180847291126508,-0.414361171967723,-0.0174350333546359,-0.0512841050212508,-0.1181368662641376,-1.301029995663981,-0.3165279098433143,-0.585026652029182,-1.3511865939537129,4.298332033014463,4.370153629984885,3.702313850977354,3.845072823033559,-1.2115604127403428,-1.2193769473723928,-0.5645659672297119,-0.4979279543500394,1.069741677331229,-0.4930757055637708,0.8319041671432837,-0.6932775018512254,0.6279985206165284,-0.8881272903822229,1.018684458233837,-0.4534757928284269
63,MDV185,1.0403046642041385,1.065783513965448,1.3815227396888796,2.582924790350508,2.6003353243681397,2.9191921852824554,-0.0237153808117204,-0.3162424396374345,-0.558939610514017,-0.1578143511470451,-0.1930259312277936,-2.000000000000001,-0.6714678589451226,-0.638272163982407,-2.0,4.853349877876382,4.597566896108015,4.661054086734609,4.7224723241853335,-1.2904512579199785,-1.3854783837817102,-0.5926427083524657,-0.4696049230059331,1.1607893154302538,-0.5119808749578224,1.0297537405126205,-0.6946610812436317,0.7857321781917799,-0.9264702765858256,1.1952610308800542,-0.487018563302201
64,GAI381-4,-0.3975424308211649,-0.8463810294597898,-0.1607289280639627,1.1005123322905346,0.5905165892930939,1.2984700091813934,-0.0741930738666883,-0.211687995088842,-0.0148261687924844,-0.2976402511883397,-0.4439601981346519,-0.9208187539523752,-0.5603156983453129,-1.154901959985743,-1.170700803138532,0.7658176367738476,1.1116889441247348,1.0894561042863335,1.0099802174043668,-1.037572278772426,-0.9952664982974172,-0.9110134812411008,-0.8436527991400746,0.6728335094186468,-0.933749712054412,0.532402385958842,-1.1142351625672653,0.5926595066441214,-1.070136671046458,0.7982934741944314,-0.932577558962126
65,MDV87,0.9678180788268556,1.1240299509453553,1.3703262387253898,2.5655870625391874,2.591463520866025,2.91215610801879,-0.1475417774650555,-0.6582407569824215,-0.1347115235111737,-0.5738378028536404,-0.3205518601592045,-1.045757490560675,-1.6123778061517076,-0.744727494896694,-2.109806989772202,4.720735661986423,4.849598453425474,4.165810219941785,4.3744361981990005,-1.3602134234490824,-1.2881350151928028,-0.5633074023359458,-0.4711631592907939,1.2278200042255938,-0.4040518164369588,0.9692717743120493,-0.6474920337344289,0.8715474817273183,-0.8521640146672809,1.233764470553426,-0.3690565472847007
66,MTI318-13,-0.0982528789974178,-0.6175477511169478,0.0977756062468581,1.097767864438815,0.5936451062969486,1.2828006258696667,-0.6711316986069398,-0.8914530563125659,-0.3822095753187165,-1.0622887447928235,-0.6557104689655547,-0.9586073148417747,-0.5914891499515972,-1.0457574905606752,-1.5944927110889562,1.0033926017111368,1.076931077868052,0.5490845153407267,1.0407921020094817,-1.1078291317053333,-1.0497418715522695,-1.0108066836763316,-0.916040093858528,0.5176328994714193,-0.8764647648435959,0.1007684782646267,-1.128147214948113,0.4577419526227798,-1.0865659206828135,0.5436575149388382,-0.7704292103414719
67,GAV191-5,-0.2852803200429862,-0.7748266867997711,-0.0608231176744653,1.315717101976522,0.7259778737347734,1.5235664923235317,-0.3103039968755994,-0.1412578054905874,0.1952507343961479,0.1036336351064792,-0.8811246203957555,-1.397940008672038,-0.5203268667262837,-1.0,-0.3992014121191071,1.8881634466238744,1.829407538769076,1.156143317823281,1.847838691452614,-1.1678411836302551,-1.110890250858986,-0.7141376821257488,-0.6352953480453046,0.7507298207038147,-0.9070815710839985,0.7813910826904997,-0.9673672159101908,0.4389076294297018,-1.1202785432356708,0.6650711659577744,-0.9611016389554836
68,MTI39-13,-0.1459212666443876,-0.6659495609098403,0.0423914155463379,1.3324981528135185,0.7954067272520364,1.5112868849284264,-0.5195377743793205,-1.130529092078127,-0.3907014033147228,-1.091306942470748,-0.9272863832634356,-1.045757490560675,-0.5735697395206028,-1.0969100130080562,-1.7797996865939003,0.3464214607306763,0.0350529150335655,0.1447153025820291,0.2543440573975773,-1.1225655368126817,-1.056803726039755,-0.990654753264166,-0.9011314967195572,0.5511422768940706,-0.9140138397128678,-0.031400248739144,-1.146978778473672,0.5286956278059622,-1.0962438537792862,0.5760365265678858,-0.9347303197614044
69,PTV208,0.4412129105517947,-0.0435378655818755,0.6322638510872238,1.6264457666228402,1.2511643215253436,1.8513989502529828,-0.0720781714508822,-0.183978717154559,-0.6912607586562667,-1.5843424829723851,-0.7928200840476647,-1.154901959985743,-0.3535556253751951,-0.8860566476931632,-0.1916964621369609,2.652186363970629,2.544359871809889,2.114944630237524,2.5837308365378453,-1.0062920618478297,-0.98566361600885,-0.5994668886496457,-0.4203132684403335,1.1850204285928865,-0.5886138836935569,1.177015180879787,-0.7487839640329047,0.809346663693995,-0.8863433619789515,1.0738761741853955,-0.5534424632588535
70,MDI18,-0.0138217241411924,0.0886861826421641,0.4764238471313535,2.20658914802266,2.31173285351667,2.601393429288437,-0.7398011495510635,-0.4350507151060659,-0.0250572504200502,0.2516237510925929,-0.0499103299740664,-1.0969100130080562,0.1192753548804085,-0.3372421683184259,-1.3684452180061384,2.490378977317048,4.13967604040333,3.681518502377758,3.360703749687208,-0.7434074498624643,-0.7482118246161087,-0.719506512305605,-0.6350305504748165,0.8914818001207323,-0.5183950790482447,0.7467927624456624,-0.855338513017091,0.8428729683832643,-0.7417489267458779,0.9624969497965568,-0.4516136686245378
71,PTO100,-0.3574086548227297,-0.1274695419633812,0.1232655227582027,0.8093685466924491,0.9581646747952396,1.3262418916148468,-0.0535980090070877,0.2354712225621172,0.0460232498291086,-0.2593163209366401,-1.2773415791601244,-2.0,-0.5385459207159587,-1.3010299956639813,-1.613482241899414,1.7660610051653989,1.541471018769766,0.4074673515028705,1.6332507980853916,-0.7380042819969294,-0.7340358759024639,-0.5224699975024911,-0.3476334526826656,1.011157848275695,-0.6464614181818475,1.0352751936184883,-0.7005376827564291,0.7719480784872761,-0.6967441176801953,0.5889615951640756,-0.7025985429829114
72,PTV263,0.267841680345305,-0.1104362964325853,0.3851922916288378,0.74117359540034,0.7059090715864442,0.7274036626939635,0.1438634770171505,-0.1037133138085044,-0.2569244133732101,-0.7089548507402537,-0.6781120491252016,-1.2218487496163564,-0.6189560269757636,-1.397940008672038,-0.7326253818690553,1.719592001339185,1.152201301004597,1.3373376677774875,1.4250218865442692,-0.9567184883954748,-0.956045893430776,-0.5578658269054757,-0.3779499744664116,1.80193358247286,-0.5445515432874859,1.61848785286515,-0.6790169025533892,1.5825928767804776,-0.8188583892096617,1.8864791420792089,-0.5274815125138868
73,PTO162,0.4436117484994241,0.0489260093523963,0.5700079404225356,1.3143168306690565,0.925601166063934,1.1933129444401112,-0.310987002881926,0.1839300093315068,0.1628209152154497,-0.5037318154338782,-0.4549064158526342,-0.8239087409443189,-0.0654852513908776,-0.431798275933005,-0.7608860809940075,1.9558610942541,1.0044318259669005,1.2388584395678928,1.5624561899116676,-0.5875509599555245,-0.5782721483235345,-0.4408104568907456,-0.3066854983105925,1.013784670312437,-0.6141983988208009,1.0249999061676558,-0.6293066951181696,0.8662785373301154,-0.6260331649299695,0.5971524282732441,-0.6744495376926282
74,PTV149,0.4284489503877934,-0.0257602809144991,0.578065086595477,1.4578734599646177,1.145092176721183,1.5659097476788224,0.0187339114445245,-0.2240479052137174,-0.2540623446521189,-0.4540884449382636,-1.797533449936624,-1.6989700043360183,-0.4876725092302819,-1.0,-1.2777654701387855,1.921315987695961,1.5076278282583122,1.7206975756172642,1.689589982945963,-1.0238448127462556,-0.9813678887808566,-0.5910609265803833,-0.4466381706872604,1.1058794112114336,-0.5974093155746507,1.0650766238804263,-0.7515154768866457,0.7593294781722095,-0.8650118375099374,1.0350731074308317,-0.5521575020050905
75,MTorg,-0.5531526657298984,-1.024721030596806,-0.3135649970843213,0.9728980961415418,0.3610425178178164,1.1818139569572277,-0.449131979896914,-0.3288816143974084,0.139733475515932,-0.0445378059059795,-0.6167539065250146,-1.3010299956639813,-0.5378906918725579,-1.0,-1.0352155036328463,1.1318168835693587,0.8458502986962271,0.2683067975048051,-0.3074205036257798,-1.157886813535202,-1.1162996826688345,-0.7912277710138609,-0.7013072412916229,0.8196440622690021,-0.9965717188145484,0.8861263971377193,-1.0158401892290003,0.6425607648815761,-1.078399371125148,0.5108078543073404,-1.1085078314058892
76,MTV355-10,-0.2444219186283106,-0.760650968302111,-0.0391983455054575,1.0788293480860944,0.6691512549346187,1.2562355113699946,-0.1466177817864935,-0.4891814847620441,0.0717180623409554,-0.0410392033601314,-1.262836380875256,-2.0,-0.7935754450330433,-1.0457574905606752,-1.8313582198990923,0.7728342628476005,0.9804220043227142,1.0638156185895196,0.938609959120334,-1.1166886611828737,-1.146485136820938,-0.7279485069788987,-0.6582470101075704,0.7755799089097495,-0.8695793014422322,0.797548949987025,-0.9745230014048698,0.7714509281217523,-1.0737909806915604,0.9395690334428376,-0.9101672659376492
77,PTtra,0.8311846169988203,0.4008038723142518,0.9765909727428772,1.957159777771284,1.5380860748943177,2.10088532574842,-0.2773954063737746,-0.1023494637851606,-0.426433880419814,-0.3222243333968657,-2.018843785529773,-1.5228787452803376,-1.300630289181263,-2.0,-0.5118575956143772,0.4053623740855879,1.6328190226664492,1.6492171751672535,1.474287123423219,-0.8187830997280441,-0.7508854427986134,-0.5363347281294578,-0.3625272314717292,0.9260500280741488,-0.6949191366267826,0.9301338747145166,-0.7065550810629834,0.8212287695366605,-0.8158507992074279,0.6897011991663591,-0.8315357446917542
78,MDI85,0.9437963166856904,1.104622374019922,1.3629842767971927,2.5536925364445304,2.603880591631361,2.9140452265460235,-0.2050225916477482,-0.4851565921986114,0.2521694037880811,-1.3875659463845884,-0.4910681685814373,-0.9586073148417747,-0.2105128286007864,-0.5376020021010439,-1.4832249689825114,4.480116446301581,4.264629970359881,3.740432272612986,4.402589847571998,-0.7270780583743132,-0.747213446057112,-0.7206656619667838,-0.6279413712355093,1.2558152236463729,-0.4702429303617762,0.8461808956769685,-0.8760709905065789,0.9957229568012724,-0.7007689268055013,1.2328804238233784,-0.432165015597168
79,NNO17-3,-0.8426936166823229,-1.0243451472070415,-0.7807662372191612,1.3950349528407953,1.1284397543169524,1.618113849898299,-0.0269235960311579,-0.7260613258758442,-0.2847185496148115,-0.4934375101381961,-0.854186340334459,-2.0,-0.4505014118992847,-0.8538719643217619,-0.4186121515586016,1.3627685587531462,1.5105281476396026,1.3455896344979486,1.153736651110848,-0.916379589422629,-0.8833194885367122,-0.709588069341894,-0.5965498656027545,0.9692695826833924,-0.6711468599564919,1.0192448627685669,-0.7197166117535633,1.0232305593247772,-0.7480521920731527,1.0916174374440746,-0.7147039495915826
80,PTV196,0.1838611808948039,-0.2858284550682892,0.3945824590538044,1.7391893642128018,1.56209627526012,2.0503099876677897,-0.0542904253175122,-0.2460421445171172,-0.528087575049926,-0.478309021080556,-0.6690812754119643,-1.154901959985743,-0.3080372351830517,-0.8860566476931632,-0.1746131477831625,2.6163909040318583,2.540251186115359,1.9617074100740977,2.5675338667337675,-0.9473956484233378,-0.9374952854957158,-0.623021161698684,-0.4261650679365215,1.173060924043315,-0.6686422043081264,1.153526075599168,-0.77261891875761,0.8383675852591672,-0.8882450066845495,1.1008750867176904,-0.6120882627613664
81,MDO63,0.7001599056914901,0.7192762721588711,1.0512799325861582,2.413483930387459,2.4729665264601737,2.7833564712635304,-0.260646664954263,-0.6392034790801334,0.2762034267688208,0.0812675716794183,-0.1306276401557096,-0.8860566476931632,-0.1812744484059726,-1.0457574905606752,-1.4818858602248215,4.772935870220689,4.525764003065525,3.8583931940311382,4.442812450728393,-0.8858278910474178,-0.7825160557860948,-0.6541889329424875,-0.5503081037141322,0.8554417456338667,-0.8101114023258806,0.9184317914678538,-0.8223006158179985,0.920547683414824,-0.8764096423869142,0.7789521354201989,-0.9535646522151944
82,GAO260-6,-1.1584658577463118,-1.0522358744659193,-0.7193827599277027,0.117514154039942,0.0682113165774858,0.5106420283836115,-0.4039314260112907,0.0977889901938116,0.2593261121502414,0.1482296396061239,-1.2679926995141444,-1.3979400086720375,-0.5850158756312727,-1.0969100130080562,-1.1146023325438204,0.9914140031620928,1.1993285476158015,0.6444167923662824,0.8418723061325623,-1.0457574905606726,-0.975705559784722,-0.7593520532323775,-0.6265373167273749,0.9820161643072496,-0.9136285816491488,1.0492850518199823,-0.943724752668314,0.7057568117982407,-1.011859993525972,0.5426450898844781,-1.037934090374356
83,NNV175-3,-1.2832128563527776,-1.0130849806717457,-0.7897527227841045,0.6983966014927477,0.3429077573605517,0.8461999801444473,0.1083753181671145,-0.3059737960869978,-0.6836669995443949,-0.538577141442497,-0.3537090537755991,-1.0457574905606752,0.3727319805311548,-2.0,-1.1978380480706123,1.3385723066881337,1.020617411751372,1.406433040908272,1.1438282402523194,-0.996740183056907,-0.928067578336411,-0.7267697817869438,-0.5877245829407447,1.1077357878420258,-0.6784879303846694,1.125431651048958,-0.7739406435022882,0.8710333905496863,-0.8407787460715973,1.0797550630008683,-0.6765469148498878
84,MTI167-14,-0.0952779831580768,-0.6110275921617598,0.1054711922140419,1.0819449541209902,0.6252908139264772,1.2665528094769014,-0.4645107251503623,-0.5906539721229549,-0.268885605722554,-0.6377908609384128,-0.705809726714739,-1.0,-0.4545988154457387,-1.0457574905606752,-1.8686042655815436,0.839770528536272,0.9048637534838404,0.7706339939708365,0.8649091307580532,-1.095054843668905,-1.059183427785111,-1.0335268206434094,-0.937598624314192,0.5146802755115681,-0.8434281069338294,0.423411563910139,-1.1913498964750553,0.535161031954051,-1.1275583985056847,0.6527090523595662,-0.8554659536591251
85,GAV287-5,-0.1014888377317951,-0.6039617872996876,0.1122065960803241,1.4308077893218658,0.8591564033910177,1.6352401523093307,-0.3834159574023414,-0.1370817935585744,0.20990846780043,0.0466558276207914,-1.5651483229674223,-2.000000000000001,-0.3864239619750074,-0.8538719643217619,-0.7221225557997206,1.8797362671772424,1.6832702073048995,1.1142449020416074,1.756537873940771,-1.1949369434304515,-1.1293235735820712,-0.7149006063129936,-0.6319180713852206,0.7954783982592449,-0.9053552636719324,0.8098053665107978,-0.9703667197106932,0.4140294532779999,-1.125775635501392,0.640104898368179,-0.955853116775763
86,PTO158,0.8311846169988203,0.4008038723142518,0.9765909727428772,1.957159777771284,1.5380860748943177,2.10088532574842,-0.2773954063737746,-0.1023494637851606,-0.426433880419814,-0.3222243333968657,-1.0076008449864562,-1.301029995663981,-0.8111274298614131,-1.5228787452803372,-0.5118575956143772,0.4053623740855879,1.6328190226664492,1.6492171751672535,1.474287123423219,-0.8187830997280441,-0.7508854427986134,-0.5363347281294578,-0.3625272314717292,0.9260500280741488,-0.6949191366267826,0.9301338747145166,-0.7065550810629834,0.8212287695366605,-0.8158507992074279,0.6897011991663591,-0.8315357446917542
87,GAI381-1,-0.5335231857880726,-0.9204731717423444,-0.2753710767487973,1.1590907722654271,0.6225450763494871,1.3601075093767412,-0.0674090897261187,-0.1960607459592891,0.006847785630423,-0.2441656436632106,-0.5901970811807591,-1.2218487496163564,-1.1417758038191428,-1.5228787452803372,-1.113928988361084,0.9403138268207004,1.0592282659468462,1.1406891685297793,1.0091424370667612,-1.0507437047114063,-0.997626800204389,-0.915433819471694,-0.8472626295885741,0.6555206547614938,-0.9315650678370356,0.544535053993257,-1.1145826339000289,0.5978672575186742,-1.0701891983666103,0.8070482365637923,-0.9348869886367408
88,SNV30-31,0.0627338051850741,-0.4761671286035113,0.2459558169467717,1.1350441070645634,0.6701465952353033,1.3358032470887775,-0.0183623698533862,0.1867729292495246,0.3694693895751402,0.3833080346772524,-1.0272266877235936,-2.0,-0.4545988154457387,-1.0969100130080562,-0.9574451854521796,1.6088225527554518,1.522245653242922,1.1847721900370476,0.9533057513005108,-0.9265578625105124,-0.8853707389189927,-0.6257074213702836,-0.5649262281229572,1.2132752893645822,-0.6931801460112083,1.1879757969598568,-0.7842897145633189,1.120111058838088,-0.8257160193471835,1.3238560313935623,-0.6536187961609319
89,MDI244,1.106299107547524,1.275059146513985,1.527374780168871,2.578595452967392,2.7072931208052324,2.977496635266048,-0.265179735270899,-0.6468606396948849,0.0403371874962729,-0.8835091392140574,-0.2129501239629514,-2.0,-0.1364630176253271,-0.5376020021010439,-1.5144186653195046,4.283072228483839,4.71077554711832,4.622105615032471,4.321428565379473,-0.7168847248346811,-0.6363365145952355,-0.6553524450398245,-0.5865392159678868,1.4462142148823411,-0.4430507060944351,1.0748544513196685,-0.7958519258894772,1.1212042666700697,-0.62147040322962,1.5220335752352177,-0.4114786345934444
90,SNI20-31,-0.5375412942980646,-1.0996141173832663,-0.3258401151380782,1.3268662111112433,0.7324655317326401,1.508063323703398,0.0859253726271396,0.0460402944821511,0.226613379815869,0.1246768078213914,-0.4005515437540248,-1.2218487496163564,-1.6653221421126212,-1.5228787452803372,-1.152621351088365,0.8118596613707862,1.2428993033982465,0.9212785057325192,0.9927680579854326,-0.9168705951073808,-0.8995350327749035,-0.710847077273639,-0.665285060061828,1.127195989143802,-0.7428170793416008,1.1119645537884493,-0.8321108403875143,1.1344803001361363,-0.8283221157530998,1.31223986549407,-0.7012549317534
91,PTI195,0.4821047506748707,0.0006370552561492,0.6746745502429821,2.055526442471687,1.6950797433330156,2.2914073359359,-0.0326453086156227,-0.4105667027947981,-0.0858389338495915,-0.1610542722441756,-0.4005515437540248,-0.9208187539523752,-0.210942871377594,-0.6575773191777937,-0.4415246795376603,2.4795142745844885,2.328268207754734,2.0230024833920366,2.3853371230474165,-0.8123634003488037,-0.7943952484383838,-0.7103430360368456,-0.6213249978877958,1.1315617565322895,-0.6545706278668816,0.8929778498322798,-0.8539494327824331,0.9725528979364024,-0.825292580412791,1.1821314231752251,-0.5772253931737026
92,PTO149,0.4573507337444317,0.0341418604405194,0.5981540028269303,1.282494791827538,1.3116448812476416,1.1231437272281577,-0.1386647691362156,-0.207893265554572,-0.928681476083686,-0.0811146527708354,-0.8924266933146419,-1.154901959985743,-0.6988862233800263,-1.0969100130080562,-1.2101209012916108,1.6433343695697302,1.2634020389170646,1.395491320597548,0.3227557538413171,-0.8137172475254818,-0.7448101310841577,-0.5850738399992288,-0.4288901906181039,0.8811429934590345,-0.701901075636393,0.8148018485121382,-0.748821205588813,0.8922670009391807,-0.796270129999102,0.8114373171404686,-0.8621684860656749
93,SNV20-31,-0.5379513974944679,-1.065092659294754,-0.3200079315201616,1.3815221727371616,0.8023480484749911,1.5655335453883814,0.0603780418597775,-0.1688269692119209,0.0736723398382532,0.1075055265217282,-0.4825592513225309,-1.0969100130080562,-0.3535556253751951,-0.744727494896694,-0.712563604424279,0.9111924005208222,1.3175733630228428,0.915118181366882,1.0594679954998472,-0.9836536544884006,-0.9654209858522323,-0.6491280660047768,-0.5420668106614948,1.0354308284932594,-0.7239252348964565,1.06293071505276,-0.8064653264298485,1.0639962005199086,-0.8410786020660469,1.209903433781617,-0.683759733677717
94,NNV163-3,-0.8713236549984761,-0.829293634060376,-0.4727777937572203,1.260463016849273,0.9482900587657128,1.5491293200405487,0.0583495423982668,-0.5909271382453938,-1.263221158226002,-0.445967234443356,-1.7290904018845858,-1.3979400086720375,-0.1931568374566985,-0.6575773191777937,-0.6431295214631975,1.3418311916419108,1.0796953880423714,1.5690823428616465,1.176076655877098,-1.0382214485224497,-0.9765502170660216,-0.6836031438464859,-0.5139739798234195,1.0026707788034663,-0.6895989503098798,1.096390969057644,-0.7698494781785,1.005395596486937,-0.8689875487195544,1.123776263641417,-0.7364389352617324
95,PTI208,-0.2782045534634346,-0.5327752350258116,0.0089025891723441,1.5857296768685785,1.2109399252672552,1.82456611891398,0.1026377773797117,-0.1542433525776095,-0.072837086986561,0.0256134919559806,-1.3532574733253742,-2.000000000000001,-0.2684689259262474,-0.744727494896694,-0.5343434248917572,2.23786126294637,2.2466428550563218,1.4440504647051744,2.244560458954823,-0.8376074762191165,-0.7947659650480942,-0.753749079444904,-0.6288799357350638,1.3310917658085155,-0.5078508802172006,0.9540482413187544,-0.8470137756080256,1.003244509160014,-0.8094240593343088,1.365085129181859,-0.4709122753187169
96,PTI153,1.0193822379905622,0.3881688656683362,1.167962257145421,2.1760932265244164,1.6188596155897073,2.279119022826648,0.0721817910669013,0.1226697629472007,0.2383568131850479,0.198654700743399,-0.5936867134616164,-1.2218487496163564,-0.5960160704084317,-0.8860566476931632,-1.119416671383784,2.015968674894169,0.918732330221028,1.841882630279467,1.6484457334552245,-0.7549269871129937,-0.6799106481420295,-0.6405718630597816,-0.5985410431201902,1.8298006477569355,-0.4356498782375876,1.6047996164527016,-0.7662381109434881,1.6171796068329325,-0.6776098253555899,1.926348935587103,-0.415186146297818
97,MTV110-14,-0.2931890886605314,-0.8154397986482729,-0.0903996856033324,1.273564276913991,0.6992955773490986,1.4669603429788522,-0.8000900855954676,-0.4096332347048577,0.1705335635504897,-0.1739063783754016,-1.131651683875388,-2.000000000000001,-0.1014261582528796,-0.5086383061657274,-1.5274687211455016,-0.3580918169901187,0.8976948704410231,0.0618803813347109,0.736768866571808,-1.342184776416412,-1.2756118951015532,-0.7680382324174695,-0.6298728481651731,0.7762967952728206,-0.8443938250670392,0.828732240042142,-1.0190412101888051,0.0981164103052934,-1.266710500491378,0.525166577837485,-0.894239471684513
98,PTO137,-1.024121682106672,-0.540587005601342,-0.5128766290322408,1.31833379529353,0.9694387131516772,1.6021115316394616,-0.0554627400418122,-0.06806222836553,-0.4588666342707808,-0.3577709754302127,-0.8594349320495012,-1.045757490560675,-1.082278936359404,-1.5228787452803372,-0.6873823928481514,1.123797353003899,1.5125218272838457,1.0279935315192483,1.2454903825384702,-0.8233142241069124,-0.779641112846156,-0.6053603792736582,-0.4227094713325217,0.967026295070708,-0.7203992392866918,0.9163282249815348,-0.76871063551872,0.8767406461230447,-0.8096775717078608,0.7666789459101121,-0.834450945327289
99,PTI207,-0.4188118980367826,-0.7022438438552554,-0.2232741601727945,1.400438842087126,1.3542140996376424,1.7087239438199444,-0.0377077602017719,-0.3493593578636489,0.0285337198853112,-0.0495114180541742,-0.6041034433105943,-1.0969100130080562,-0.2031742332546113,-0.6575773191777937,-0.1085066568734031,2.2421278146367896,1.9066794491178265,2.107640579459458,2.050459014931405,-0.8325208113481872,-0.7742129173168155,-0.693423539524069,-0.6314977524732406,0.9674875731606468,-0.6314790975556654,0.7500839885240626,-0.8569617313029657,0.8704178025238163,-0.8301145518954276,0.9709005994384676,-0.5965884568382447
100,MDI79,0.9197556313698156,1.179295344714729,1.3979916712766145,2.4770697068553424,2.552590748459288,2.848982990497216,-0.5955305235940844,0.0632330152846224,0.3563216723847581,-0.3472473493643432,-0.2992139828890103,-1.045757490560675,0.1568287708455278,-0.3279021420642826,-0.8122673179126596,4.40869206687358,4.377964336185962,4.653926506160095,3.5982097988475257,-0.7646791343033985,-0.7393895925236962,-0.7177095176487784,-0.7432306300901194,1.2718642671976796,-0.5126814912340706,1.0987397987823988,-0.9031432528679868,1.186776747734339,-0.7266404469612625,1.3214520963480054,-0.4715939987391079
101,PTO85,0.209513437499651,0.0795944934261687,0.241538157398739,1.4487457330356064,1.4625527215279184,1.4505597215719674,-0.069658420636772,0.0458261673431058,-0.3137557207179018,-0.6158697730729018,-1.7473632068984195,-1.5228787452803376,-1.067852605258052,-1.3010299956639813,-1.0650390217029433,1.6538547987715604,1.599425843736504,0.912577522965703,1.6218090492687185,-0.814104837450273,-0.7453062786802777,-0.5958720368423427,-0.4383462244677567,0.9401626156757444,-0.7252677579015988,0.8387523055283641,-0.7658997672114948,0.90932194283821,-0.8058085126369701,0.829757068473282,-0.8260605053854833
102,NNO174-3,-1.5316761903120837,-1.4124083841364503,-1.577726771034311,0.7818825647024081,0.5557896285498864,1.0304808941265178,-0.2644099516307777,-0.5003847534989353,0.0569825366651811,-0.1318899769969591,-1.5651483229674223,-1.154901959985743,0.2122217360790207,-0.619788758288394,-0.7379764314954788,1.4297367178065885,1.2295995968007962,1.411502662791359,1.2998166887289533,-0.8692257705322449,-0.8555750821197186,-0.6714591543098434,-0.616275894724258,0.8953565625433322,-0.6914319984876339,0.9646293625886808,-0.7509519263989487,0.9848582734711472,-0.7813732564095716,1.0620195110959345,-0.7371991715971119
103,PTI89,-0.1101367312250137,-0.0023117538678087,0.3118191819381264,1.2132092730348356,1.3523956548479064,1.7530876534475417,-0.2008077144791344,-0.4614649909191806,-0.0683027249722899,-0.0358213160877105,-0.908024056639169,-1.3979400086720375,-0.3019591473743455,-0.7695510786217261,-0.7692096973589567,1.5752913109218143,0.8666543599468324,1.056430500623554,0.9012135996046136,-0.8021532169155511,-0.7671082747740496,-0.6851453001418144,-0.6060036686597468,0.9097399835646318,-0.5510020903123669,0.7536294594970476,-0.8162039934236419,0.7729198120509095,-0.7785481557023304,1.040170661391138,-0.4807154788255364
104,GAI383-5,0.067627229295211,-0.4422003229596719,0.2657356210337285,1.5971705613088163,1.036384699720071,1.7907058185298037,-0.0346537788954249,-0.1920493931657459,-0.0239863523068161,-0.2490322603640614,-1.1217176465638454,-2.000000000000001,-0.5735697395206028,-1.154901959985743,-0.1167106173799685,0.8793866080180796,1.8376115845780887,1.1553420112726158,1.6335777409484502,-1.0740948028531183,-1.0117587778569694,-0.9013269487849151,-0.8538719643217605,0.645836990286923,-0.938026865940136,0.5122607630621926,-1.1051695494165168,0.5960101122854584,-1.059493765451272,0.8115271271184082,-0.9422180218659504
105,GAorg,-0.8540035897323224,-0.9288142047078636,-0.846872527304287,0.6110378556962663,0.7576146338334641,0.4892498989865153,-0.3328356034061255,0.0454683294429123,0.2616471221139863,0.0698129557194504,-1.6025138987635037,-1.698970004336019,-0.5150753479156364,-1.0,-1.0346133182943564,1.0624786540803113,0.4262185042226251,0.861381747391794,0.3808660922952633,-0.9982188854793252,-0.9518988947441628,-0.7519435673258162,-0.6647744923931841,0.9396345161184882,-0.8841031691435344,1.00837812048592,-0.9387972601228064,0.7571998162689728,-0.9798983377050388,0.6519013116693719,-0.9717282863420048
106,SNV19-31,-0.8164471031320377,-1.229892373183536,-0.5833044339221171,1.358849623708462,0.8124381404752442,1.539451914351369,0.1093637728707688,-0.1970302886098844,0.0826623489488019,0.1201777054811839,-0.9214151058207376,-1.5228787452803376,-0.4918484572576519,-0.8239087409443188,-0.9776407159501708,1.6419071446818478,0.7845779023639833,0.9869816092083296,1.2634197748061475,-0.95456984093592,-0.962137079983309,-0.6500039911359983,-0.5737553207851062,1.0943903747626276,-0.7144750818685551,1.08299015025552,-0.7952547926496256,1.085052754796501,-0.8260548567828021,1.2536181772363262,-0.6789650645050795
107,MDI1,0.1049903312531151,0.5618841082540474,0.4717248691432552,1.928786563149768,2.125349505658504,2.3813903330467783,-0.3588788473731163,-0.083349417516409,0.0724891218393643,0.3569053660793146,0.0795665634222002,-0.8860566476931632,-0.57438020196255,-0.744727494896694,-0.997587537730816,4.3453709249345485,3.651438858003577,2.878192478696868,4.021581686709486,-0.9416363846368524,-0.8498536278112874,-0.7921390379652374,-0.7053967901012769,1.02977552934105,-0.6698396116088914,0.7788523465502344,-0.9841830687044794,0.8565183997266205,-0.9044112034968532,1.1243512634512691,-0.6434054838633531
108,PTV12,0.7140474472204813,0.1589130581911414,0.7846861893001918,2.034137289680242,1.7613310915171647,1.961134971581355,0.2936557887205143,-2.2465366158342785,-0.9831582279006706,-0.1304722541300709,-0.0655429981730703,-0.744727494896694,-0.4464111071482187,-0.9208187539523752,-1.473064075698115,2.2014891548979296,1.790858408683646,1.8645197197303005,1.9808525030447024,-0.8805994724519088,-0.8037594422191877,-0.5865865685800367,-0.4570199297884761,1.8236869270450111,-0.6308212976572497,1.6370014986193455,-0.7374799632811909,1.6057904150755182,-0.8243081745932157,1.915482241753564,-0.6483083292869386
109,GAO383-1,-1.3387256944657502,-0.99088812477302,-1.0478795521052586,0.9512820504898616,0.8662638996516857,1.3049492538678171,-0.8283321018719761,0.0171725979243652,0.3055813713967451,0.1551997609162731,-0.836473855956287,-1.2218487496163564,-0.5150753479156364,-0.5686362358410127,-0.8807761135869654,1.496709419797736,1.2760601944305483,0.915103671816432,1.3563388438138528,-1.0787055674875785,-0.9970355210362616,-0.6911282365022249,-0.6065983211696817,0.9762773988996308,-0.9091486280419784,1.0329730715895695,-0.9300589361886205,0.6026328510865311,-1.0412850156312845,0.4222539144048821,-1.0445845684110266
110,MDO13,0.5743007178494016,0.8854252173406776,1.07582409082926,2.2234440518388228,2.3450150054000742,2.6316438833517344,-0.5154607198697867,0.0474658533789739,-0.0104825373345605,0.3002185226247711,-0.0408939575284813,-1.2218487496163564,-0.136492897381055,-1.0,-2.0,3.0797334849498084,3.803358147031587,3.9901798626700775,3.3733032988540588,-0.8272931294639115,-0.7529015136465007,-0.6352423756134642,-0.5565381142177442,0.8281190790999486,-0.7562064345180763,0.8419482232298687,-0.7825583786247594,0.8900783609257747,-0.8246747096930458,0.6846641478677155,-0.8385561137695304
111,MDI65,0.8753480834158109,0.8343797605677975,1.197181321189435,2.3715153204167176,2.3888398472787253,2.7150435320908697,-0.2469576137737369,0.1238241703824377,0.2808952478638654,-0.8383014691172113,0.0136557175581877,-1.5228787452803376,-0.2593870760956156,-0.5528419686577808,-0.959765599588702,4.392269608250292,3.3394799037332152,3.228113780563113,4.265003779475737,-0.8060372157022401,-0.7583239108208206,-0.7340235782650305,-0.6704814665245816,0.9784302670570544,-0.5821402465497234,0.7856039354861275,-0.9459268281318214,0.9058894721635016,-0.8012938674315637,1.0361904586466686,-0.5327120356294905
112,NNV75-3,-1.154423606306899,-0.9432668116823374,-0.6730119465321515,1.225608381358977,0.6153699968471635,1.4320285524951488,0.2177734433994385,-0.2730966168562422,-1.5389219465008108,-1.0154977939690404,-0.7785443568939872,-2.000000000000001,-0.0417034141659372,-0.619788758288394,-0.4314271992556975,1.4391031182232357,1.450182171014056,1.1078377159142965,1.4413115869389808,-0.998218885479326,-0.9374952854957166,-0.7265082767470362,-0.6263296941672337,1.1174220561792445,-0.6247935819256111,1.1525168586532348,-0.7661976181592941,0.981402480837295,-0.8365301889433094,1.1283651251836595,-0.6534138741119874
113,PTO266,-0.9602841795490084,-0.4845661375549553,-0.4701926050202294,1.4635438136555463,0.8727470934822598,1.5266710595568371,-0.2814134516310058,-0.2290523907444379,-0.9921262895324692,-0.193932319200295,-0.715258463074938,-1.0969100130080562,-1.7068361720298073,-1.6989700043360183,-1.4679652493706357,1.0517007350373002,1.394346149024369,1.203100517119497,1.3142336073273173,-0.8170228404674854,-0.7639012158274907,-0.6099335121023627,-0.4224173340714497,0.8766743281622085,-0.7263046731895965,0.8820777493255876,-0.7721525183812264,0.8727546012596334,-0.8173931494226769,0.8201523082319864,-0.8208165168057757
114,NNI19-3,-0.2226853496244084,-0.7355120771106498,-0.0481331855041052,1.481095514143789,0.9347105496721004,1.6599638293096892,0.153643692483832,-0.2480250135894157,0.032964966686382,-0.2703163046460554,-1.432477859922247,-1.301029995663981,-0.8170806239527718,-1.397940008672038,-0.3458806306020167,0.85077843607821,0.818779719452207,1.521531281308322,0.8506248225838322,-0.9540343359582026,-0.8948399115665231,-0.7624647815279841,-0.6920932017250013,1.013194511147686,-0.7064222469386418,1.007870752493042,-0.824337045035056,0.9969293158953392,-0.8064975695843107,1.1604652155749535,-0.6840009220837795
115,MTI258-13,-0.1838383252480927,-0.7025607558266779,0.0174115083992254,1.3350813443677318,0.77054613926961,1.5276615149092814,-0.5245272144219082,-1.1207613349520975,-0.4143050996796281,-1.217539963493955,-0.618869277910174,-0.9208187539523752,-0.5515617432503415,-1.0457574905606752,-1.749058559911855,0.0074398365707583,0.1853282609934751,0.1015933527002607,0.0116787595183055,-1.1143599988642914,-1.05918342778511,-1.0020906188445424,-0.9030899869919448,0.5563333272710127,-0.9163437017461116,-0.0426606372189584,-1.1521668229163209,0.5038698477233785,-1.0994788732555687,0.5649589759635358,-0.8877883462565228
116,MDV65,0.922117124436278,0.9201448132214236,1.2615740544348195,2.3901784117755134,2.42923575812464,2.7477352736195724,-0.8143806421476473,-1.229435505245795,0.0112956663622195,0.0697164304182975,-0.084656712789389,-0.9208187539523752,-1.1211889024743995,-0.6575773191777937,-1.7113216239589857,0.8781476056194162,4.104586022126558,4.401839190637551,3.7380600435139546,-1.2852569762843655,-1.2628945343883304,-0.6222493568360503,-0.5170699217501823,0.8690487178416404,-0.5901091409478179,0.8192961505110083,-0.7893508181515126,0.6077754591173862,-0.9986088648495476,0.9319980266420592,-0.5670924299524925
117,MDV63,0.7400529506456857,0.7774750000222914,1.0933516849505835,2.394814095331988,2.4361074687658406,2.7566420683625728,-0.5006259346477424,-0.312284403258699,-0.0363930434961759,-0.0238595049324134,0.1080133777345459,-2.0,-0.7795520924380588,-0.744727494896694,-2.0,4.786762938226675,4.262083626466191,3.574759924413338,3.985443305141404,-1.312483255054666,-1.233403824616921,-0.6527526995641489,-0.5489598347489253,0.8291958694007695,-0.6222837733005376,0.8373238734073427,-0.7957862340177901,0.6612344312629198,-1.0204276844969258,0.8884856328430635,-0.5915188165225693
118,PTO193,-0.3508647783905035,-0.5548316007926957,-0.3012993160855301,1.2203467662917318,0.9004578530983782,1.5397573790204702,-0.1691148962469247,-0.2756065786338351,0.2225625732244133,0.2808558529724555,-1.960161912675234,-1.2218487496163564,-1.0868167419082762,-1.154901959985743,-0.4043111023319153,2.3657916867319284,2.438911671052986,0.2149552111074325,2.416434881588496,-0.8254981095321129,-0.7473796831814005,-0.5816893437387045,-0.4559319556497248,0.9819129280593828,-0.7139887673657451,0.9491263804131054,-0.7684414250083171,0.9780886214044706,-0.8249236783332564,0.8734851069730316,-0.8061865844121017
119,PTO98,0.366417592074146,0.0484201683742983,0.4691757872119375,1.9276495862605,1.512183172451687,1.881733996286398,-0.2990653034624413,0.0839252410122963,-0.120498734389584,-1.0398661160628988,-0.35854806114685,-0.9208187539523752,-0.4382505106565477,-1.0457574905606752,-0.9179583068044976,1.587686358341059,1.6988890273881676,0.6492734739746661,1.668010370680247,-0.7727121522920488,-0.7488786876752014,-0.5382793966340146,-0.3539342655571976,0.968324887001744,-0.6858588012131122,0.965779089413455,-0.7086868197684588,0.8816703835995726,-0.7527241652545971,0.8188986853362097,-0.8205361570985129
120,MDV187,1.1039075430880931,0.9977966195340494,1.3709610084093766,2.610215579898127,2.6604363615843747,2.96487995281693,-0.2766536196052699,0.0820401720962,-0.3297722101269733,0.2008400170704624,-0.5659963370958739,-1.0969100130080562,-0.927752632120618,-0.721246399047171,-1.845383391343449,4.505586328980064,4.126320174402317,3.68488306826186,3.4830234418286024,-1.4697476568508612,-1.3883785246550762,-0.5932193331088765,-0.4730550373817522,1.129471349625027,-0.5594740659453117,1.1853114537379037,-0.7068860693370598,1.060163840000082,-0.958689969836698,1.2973035403513928,-0.5175271660847924
121,MDV73,1.1850504224070066,1.2654267244562654,1.5542380027885991,2.579972350312828,2.6095960033822214,2.928534819746919,-0.2923666434561398,-0.1151785604331208,0.1715919189677201,-0.189892187306271,-0.1071840114123575,-1.301029995663981,-0.6763998701890701,-0.638272163982407,-2.0,4.821589286013348,4.837108983911774,4.660397488842986,4.630798518207761,-1.337630335615443,-1.2730942388803,-0.5712339439342128,-0.4781161180072467,1.0136581670439813,-0.4886018663343131,0.8899116102210749,-0.6919868261970716,0.7533124677434877,-0.9190565772771006,1.0388641275626784,-0.4622756067985909
122,MDO15,0.2150158620410679,0.6708468277430141,0.7822623508215973,2.315541011997193,2.4086301706526614,2.705213144156609,-0.3179823059324922,0.0410936305633601,-0.1177765339749542,0.1217341421272668,-0.3010638634033937,-0.8860566476931632,-1.0917428896328167,-0.6575773191777937,-2.0,4.080086486806054,3.8530422142029113,3.5781219138022595,2.826064109904925,-0.8211412656046885,-0.7603748921150835,-0.5877245829407444,-0.5568033322302022,0.918054335578779,-0.7472920831162397,0.8946151034218132,-0.7861119942580077,0.8967077197914106,-0.8100801716058004,0.6403399887424355,-0.7981459357800366
123,PTI193,-0.6199522045026338,-0.8962728312922885,-0.3788924369530234,1.7197902315346565,1.2784289306876275,1.9379238148467008,0.0366134987593396,-0.3557233841125196,0.0304791151567038,-0.0098037778201688,-0.5833721978901527,-1.045757490560675,-0.3145081257583288,-0.721246399047171,-0.136541253716545,2.5766956828444423,2.4010739104593504,2.145116547754148,2.4683122701758573,-0.8431688284821226,-0.7923619443195216,-0.6640380638250544,-0.5961139971148575,0.9947240103315124,-0.6649414519760584,0.829353943856714,-0.8604608819097783,0.9127802005732736,-0.8480805546195138,1.0605804549522675,-0.597403056923379
124,Theory,0.28156837361677534,0.6185052875435955,0.7985452589486539,1.8041851929611368,2.1193762966586966,2.3101359700391666,-1.0,-1.0,-1.0,-1.0,-0.38727025747179433,-0.9208187539523752,-0.1768039093404569,-1.3010299956639813,-0.26211367674178443,1.1931245983544616,0.8129133566428556,0.8808135922807914,0.9777236052888477,-1.0,-1.0,-0.8239087409443187,-0.8239087409443187,1.255272505103306,-0.8860566476931632,1.255272505103306,-0.8860566476931632,1.255272505103306,-0.8860566476931632,1.255272505103306,-0.8860566476931632
125,DFT,-0.5975065227758241,-0.9407935771363644,-0.4794128248500807,1.5920758376384536,1.6130254593270894,1.9619971817880304,-1.0,-1.0,-1.0,-1.0,-0.38727025747179433,-0.9208187539523752,-0.1768039093404569,-1.3010299956639813,-1.4807851605655085,0.1508914645021118,0.6058661411567261,0.5314993539487759,0.4997605249933904,-0.9007892440797222,-0.8327396587906091,-0.7093841454096714,-0.6492497407285938,1.255272505103306,-0.8860566476931632,1.1760912590556811,-0.9208187539523748,1.1760912590556811,-0.9208187539523748,1.255272505103306,-0.8860566476931632
126,Alter,-0.5975065227758241,-0.9407935771363644,-0.4794128248500807,1.5920758376384536,1.6130254593270894,1.9619971817880304,-1.0,-1.0,-1.0,-1.0,-0.38727025747179433,-0.9208187539523752,-0.1768039093404569,-1.3010299956639813,-0.7899375054072284,1.7593153566813566,0.7401818274096947,1.2302485887840229,1.189921276293102,-0.9007892440797222,-0.8327396587906091,-0.7093841454096714,-0.6492497407285938,1.255272505103306,-0.8860566476931632,1.1760912590556811,-0.9208187539523748,1.1760912590556811,-0.9208187539523748,1.255272505103306,-0.8860566476931632
